student_id,student_name,required_subject,grade,location_lat,location_long
S001,Mekhala Divan,Computer Science,7,24.82730848516364,84.9741278286177
S002,Nitesh Aurora,Physics,10,26.478147507203992,80.32909372534198
S003,Aahana Rana,English,12,28.64933290632058,77.47177206073546
S004,Faqid Gopal,Math,7,25.482360682538925,81.88833837482757
S005,Maanav Grewal,English,12,28.49597101885104,77.3727520396242
S006,Harinakshi Kapadia,Science,8,27.137236768179346,77.97873419092573
S007,Samarth Pandya,History,7,26.4240030019837,80.30503727553493
S008,Faqid Modi,Math,9,28.551557546697328,77.43160899638666
S009,Umang Kuruvilla,Chemistry,8,25.19957338914404,86.98762301807379
S010,Jeevika Puri,Physics,9,24.76096933336183,85.0095635294431
S011,Sudiksha Sangha,Science,9,24.79079951508571,85.05301230714589
S012,Vedant Lalla,Science,6,25.62302115240045,85.15834200092567
S013,Varenya Loyal,Computer Science,7,26.4348556347934,80.3603575933337
S014,Isaiah Sehgal,Economics,6,25.27374631496741,86.94218158211231
S015,Watika Sarma,Science,6,28.57417923291577,77.41319356560123
S016,Wriddhish Khanna,Economics,11,26.468553820098744,80.30539778486387
S017,Jagdish Saxena,Science,9,28.628533427009582,77.42335299336989
S018,Harrison Lall,Computer Science,11,26.189562920645987,85.87351696636125
S019,Brijesh Soni,History,11,28.555885214000675,77.3848712557583
S020,Tristan Agarwal,History,9,28.95498188308119,77.71812827296432
S021,Wakeeta Savant,Science,6,25.27555276403662,82.96427776775968
S022,Rajata Rai,History,7,27.22425212535456,77.98185573247532
S023,Xavier Sandal,Physics,12,29.01703692251753,77.7039327717692
S024,Vamakshi Toor,Computer Science,6,24.84525154259128,84.98379217910409
S025,Anita Khare,English,7,26.20109183976212,85.92826968508811
S026,Neelima Sura,Economics,10,25.19996536983817,87.01214191949666
S027,Harini Narayanan,English,10,26.436645246810404,80.34166094953531
S028,Krishna Jaggi,History,10,25.587280982165645,85.17405732508033
S029,Devika Chanda,Math,12,28.63549081711279,77.50119228516131
S030,Radha Buch,Chemistry,11,27.17732308340568,78.02692422568234
S031,Onveer Kade,Math,6,26.802743413931605,80.99054211371161
S032,Januja Choudhury,Biology,12,25.339567674321337,82.93823539556688
S033,Ekansh Maharaj,History,12,25.3072040989198,82.96763919402291
S034,Ekbal Dewan,Physics,10,26.15287066817827,85.32280992203471
S035,Anjali Baria,History,12,26.80933293106168,80.96419084861466
S036,Qarin Badami,Science,10,26.46722484530681,80.30469614414974
S037,Veda Pillai,Science,6,28.4880309992909,77.40304481172585
S038,Yoshita Bhatti,Physics,11,25.28667492279834,82.9382597067704
S039,Gaurangi Chhabra,History,9,28.66536764046037,77.43864238142646
S040,Ubika Venkatesh,English,6,25.61694185421217,85.16318669809151
S041,Wazir Tripathi,English,10,25.46318191417784,81.85298727794267
S042,Yachana Golla,English,6,26.42273790897845,80.31658345775833
S043,Neha Ramanathan,Science,12,25.43137208056839,81.8255685296584
S044,Ranveer Samra,Chemistry,9,26.81085547784043,80.95998552885848
S045,Rajeshri Mohanty,Biology,12,25.355466037118823,82.94440052229493
S046,Meera Rai,Physics,11,26.83061982935945,80.97504672786897
S047,Gopal Andra,Computer Science,11,28.523656087121022,77.42206272284128
S048,Pranit Andra,History,6,25.612615730219563,85.18076907280006
S049,Hemani Oommen,Economics,12,25.595229868026838,85.1144787336432
S050,Forum Nori,Biology,9,26.860810614082403,80.94995511745822
S051,Hemal Shanker,Computer Science,6,28.568265746688848,77.37261267018788
S052,Ayush Bir,Chemistry,7,27.174464078778573,77.97042443283154
S053,Chaitanya Saha,Chemistry,12,26.86362822509711,80.96175119240233
S054,Onkar Kuruvilla,English,12,27.12811371932353,78.00811481208413
S055,Vedant Pingle,Physics,6,25.24781454231926,86.99790201850338
S056,Raghav Sane,History,7,28.69971318555026,77.477824234158
S057,Laban D’Alia,Computer Science,9,26.159376896508952,85.86158490043368
S058,Quincy Dixit,Computer Science,6,25.471601681935255,81.80327508064441
S059,Aarav Chawla,Chemistry,9,28.532621313028606,77.42608378934506
S060,Devika Morar,History,7,26.45875595720396,80.38151702509109
S061,Mekhala Bajaj,Math,11,26.15961633021473,85.89142887520563
S062,Anay Karpe,History,6,25.24800684522209,87.01965068816963
S063,Qadim Anne,Economics,6,25.55211604322988,85.16084733939961
S064,Upadhriti Dixit,Math,12,25.322903464476145,82.98301737139391
S065,Udarsh Deol,Biology,10,25.41610462574035,81.84241259079499
S066,Anika Shanker,English,12,28.62174920770515,77.42640707788645
S067,Utkarsh Shukla,Science,10,28.94543654656934,77.67103283638026
S068,Triya Agarwal,Economics,9,25.28853300271032,82.93515818907665
S069,Diya Manda,History,12,25.43628225925779,81.82311470398912
S070,Odika Date,Economics,11,25.63971150407069,85.1035993767529
S071,Gagan Agrawal,English,10,28.53267180717632,77.37583179607006
S072,Umang Master,Biology,8,26.416245240899155,80.34679026682575
S073,Warjas Sarin,Economics,11,25.26768617271106,82.95029481027176
S074,Umang Dube,Science,10,24.84458938899521,85.02825562797176
S075,Liam Kalla,Economics,11,26.838898910814983,80.92061056422277
S076,Gaurangi Shanker,Physics,9,28.70077739756384,77.48368376627805
S077,Meghana Dora,Physics,10,25.242635967676687,86.98935129898334
S078,Xavier Varkey,Science,7,25.313433400898063,82.96702551904558
S079,Anirudh Comar,English,12,28.56379120585039,77.400404498769
S080,Gauri Patla,Computer Science,8,28.62396722051969,77.42176960598454
S081,Hitesh Modi,Economics,10,26.895271714541064,80.94334434944909
S082,Eta Shroff,Math,10,28.96282923305454,77.67814652769692
S083,Luke Borde,Computer Science,8,25.638047207600422,85.0951293598893
S084,Jeet Raghavan,Computer Science,8,25.61491949942803,85.14737923648664
S085,Azaan Dara,Chemistry,9,27.19779436906055,77.98689745157829
S086,Ekapad Narain,Science,9,25.19448221962772,86.99434625515448
S087,Rehaan Mann,Science,10,26.138692486530523,85.34955153740925
S088,Madhav Chatterjee,Computer Science,12,25.20822818146457,86.94183271789672
S089,Ikshita Babu,English,6,26.825396957056643,80.96113102732109
S090,Lipika Shere,Chemistry,9,26.885019215347867,80.92364571827625
S091,Ekani Sibal,Economics,8,26.430563301288736,80.37517770908029
S092,Balhaar Mital,Economics,9,26.08636444933017,85.36114544757808
S093,Chatresh Raju,Biology,7,25.59984236095269,85.10016118776315
S094,Kabir Pathak,Physics,11,28.55136127759853,77.39585393607247
S095,Ayush Uppal,Computer Science,6,25.240387004001352,87.03260949656404
S096,Megha Jayaraman,Computer Science,6,28.62114972966497,77.4915907516021
S097,Lakshmi Tripathi,Economics,8,29.01637330292916,77.73436115877111
S098,Radha Prabhu,Economics,7,25.44983244961847,81.86330880459258
S099,Tejas Pandit,Math,7,26.40247668778162,80.3813183818445
S100,Ikbal Sethi,Economics,8,26.10581097490041,85.36905670797067
S101,Chandran Bhargava,Chemistry,12,28.582823008074765,77.42232298750866
S102,Veer Shah,History,9,25.259966242346536,87.03201948215178
S103,Xavier Reddy,Science,12,25.358151246736327,82.999302235737
S104,Pallavi Varghese,Economics,6,25.35113482952364,83.01017713421494
S105,Lohit Pau,History,12,26.19507444070928,85.94363438438162
S106,Sathvik Ravi,English,11,25.2728725475224,82.97665828439881
S107,Yutika Rai,Science,7,25.29265431474219,82.95223246685978
S108,Girindra Vig,Biology,11,27.17199819816644,78.00421187312288
S109,Manya Behl,English,6,25.28918385602117,82.97033057704492
S110,Matthew Grover,Science,8,26.88641348325772,80.93041476162279
S111,Mitali Bal,Biology,9,29.01729723262574,77.68636040583081
S112,Harita Patel,Chemistry,10,29.023665614316656,77.67047708075732
S113,Yash Dua,History,11,26.895177627995352,80.90539151582209
S114,Ishita Ghosh,English,11,28.702854775276187,77.4713390441465
S115,Keya Basu,Physics,6,26.12849751308368,85.38635412726182
S116,Dakshesh Pradhan,English,6,24.81888589089376,85.05082093599162
S117,Lekha Nadig,Math,9,28.62015126908792,77.48806568631731
S118,Oeshi Banerjee,Science,8,25.23370908940273,87.02785290364962
S119,Nakul Basu,History,7,25.62921436012529,85.17280796868863
S120,Ijaya Dara,Computer Science,6,25.271130890075543,82.92491772489208
S121,Ria Nigam,Science,9,28.50810252930077,77.40833996273581
S122,Chaitanya Halder,Biology,9,28.97313356742958,77.71159688705426
S123,Ikbal Kadakia,Science,8,26.204345600157406,85.94594653718731
S124,Urvashi Mallick,History,6,26.491077700040307,80.31387730873982
S125,Anamika Chaudhry,Computer Science,10,28.71561473165959,77.41588598922777
S126,Matthew Das,English,8,28.63862013338471,77.46309164871924
S127,Harita Jaggi,English,10,26.47204712218602,80.38075143877516
S128,Tejas Kala,Chemistry,8,26.42400598020127,80.28815601745289
S129,Samesh Chahal,Science,7,25.61131632722723,85.08878824032914
S130,Teerth Ramaswamy,Math,11,28.974777183053742,77.71521338822082
S131,Ekani Patla,History,10,26.120098360589783,85.35331767417492
S132,Advik Narang,Biology,9,25.41965369324105,81.79980436727988
S133,Meghana Gaba,English,8,26.49397196726604,80.32640597668923
S134,Geetika Konda,History,6,28.96833375133784,77.6719011826904
S135,Teerth Choudhury,English,12,25.27226182628585,82.98576056863102
S136,Nihal Agarwal,Biology,6,29.011980589428006,77.73577691371595
S137,Amara Chaudry,Economics,7,25.27824712262761,86.95842727627546
S138,Irya Dara,Chemistry,8,28.529675008036158,77.43932389207134
S139,Ekiya Saini,Economics,12,25.312047439566896,82.9890636866154
S140,Karan Kuruvilla,Biology,7,26.13064968146109,85.87741392144696
S141,Bimala Khare,Math,6,27.18640444522138,77.9859935734728
S142,Megha Mandal,Science,6,26.072213086167107,85.33611317865244
S143,Qadim Batta,History,8,27.22432702773229,78.03379975192078
S144,Nilima Sur,Science,11,28.989613516529552,77.74981467403116
S145,Aadhya Pau,Physics,7,26.159287610639392,85.90563933734018
S146,Januja Ramachandran,Math,12,28.98955273167593,77.71944021132629
S147,Advik Sahni,Biology,7,28.494261393885605,77.40787576553727
S148,Madhavi Pandey,Chemistry,9,26.11911104019196,85.33514062930793
S149,Chaman Atwal,Biology,12,25.21143439863761,87.02064604660781
S150,Yahvi Pradhan,Computer Science,8,28.57703658593551,77.41931097875592
S151,Bina Prakash,Math,12,25.40996353694208,81.88080404791233
S152,Chasmum Apte,Biology,12,25.26885459121788,87.00193353177754
S153,Lajita Bhattacharyya,Computer Science,8,28.67142505839973,77.45359938098977
S154,Henry Sankaran,Economics,12,26.08809095657961,85.40633390817304
S155,Ubika Wason,Science,7,27.157500310269302,78.01243181357694
S156,Wahab Chandra,Chemistry,11,26.12552218907971,85.40825980052533
S157,Balhaar Nath,History,11,25.206121728722646,86.93937543438128
S158,Wahab Jaggi,Economics,8,25.55131690299396,85.16148148204614
S159,Deepa Dara,Computer Science,11,25.33954086521781,83.00679951916055
S160,Vansha Kurian,Biology,11,25.352289798888023,82.96025982710843
S161,Garima Subramanian,Math,6,25.42378885300179,81.89448593897222
S162,Kamya Nagarajan,English,8,25.226428788981075,86.9536010763293
S163,Balendra Datta,Physics,12,28.568135936061168,77.3444803080408
S164,Ranbir Jani,Science,6,24.75698715754704,85.03996881180733
S165,Amol Parmar,Biology,7,25.28673229838552,82.99877731837321
S166,Mitesh Shenoy,English,9,26.464556158909502,80.32367699445481
S167,Alka Sura,Computer Science,7,25.289397887007556,86.98138839671877
S168,Ati Dubey,Chemistry,8,26.84522027455385,80.98178834706931
S169,Brinda Balakrishnan,Math,10,27.216332272355626,78.0052024939746
S170,Darpan Rastogi,Physics,12,24.82206439089745,85.03836783087435
S171,Liam Gandhi,Math,6,25.593171593733075,85.18652476438656
S172,Gavin Kulkarni,Economics,11,26.4090284577168,80.31046124254367
S173,Rishi Sachar,Biology,9,26.129302741572836,85.35833995250513
S174,Wishi Mannan,Science,9,26.83943120984349,80.9604339141899
S175,Megha Golla,Chemistry,7,29.023214294477548,77.72309016168013
S176,Fariq Pal,Physics,12,25.423968069485145,81.86688872647059
S177,Abeer Sunder,Science,11,25.3258676396436,83.00341767931965
S178,Mason Kar,Computer Science,9,24.7852913373831,85.04766133082384
S179,Laksh Chana,Biology,10,26.45927642867043,80.35427407653233
S180,Eesha Chad,Math,7,26.483353953974007,80.31266881180909
S181,Ayushman Dhillon,Biology,11,26.43231983450916,80.36156880870985
S182,Kiaan Vyas,Math,10,28.57903166756132,77.42356663556046
S183,Vedika Master,Biology,8,25.26838055257588,82.93383844413148
S184,Anay Nair,Math,9,25.228990973604358,87.0267960844057
S185,Yutika Bal,Science,10,26.81064867973552,80.912886318997
S186,Jai Bhatti,Chemistry,7,28.522387937986903,77.38059630850884
S187,Yashica Walia,History,8,26.44017417513656,80.35243212627296
S188,Anya Lalla,Chemistry,8,25.20470466119873,87.0270602748395
S189,Chandran Salvi,Computer Science,10,28.55775413111166,77.34585463726056
S190,Kavya Parekh,Biology,6,26.83806360012329,80.98609385492065
S191,Matthew Nayak,Economics,8,25.466063532788365,81.89306250941752
S192,Laban Mohan,Biology,6,25.273546539539304,86.93668980094749
S193,Luke Dyal,History,6,25.26402664208521,86.96671691935573
S194,Nachiket Bumb,Science,9,26.171234555025777,85.87563667840848
S195,Yadavi Bhavsar,Economics,10,25.278395284674573,86.97106821330246
S196,Vedant Brahmbhatt,Economics,6,26.82148025244705,80.97294796023313
S197,Faris Sankaran,Chemistry,6,27.18845059069256,77.98463308851544
S198,Fitan Devan,English,10,25.614883565834425,85.15203428830462
S199,Bachittar Choudhary,Biology,7,28.666882305259023,77.48196189995792
S200,Jagvi Shanker,Math,11,25.2870438959135,86.9500294242617
S201,Damyanti Golla,Chemistry,11,27.13281431889755,78.04221403974252
S202,Champak Pandit,Economics,12,25.39321907545372,81.8239771832586
S203,Aashi Bhargava,Economics,8,26.15314816989356,85.31911558565717
S204,Anay Dyal,Math,9,26.483667021898945,80.36637750965275
S205,Quincy Dhaliwal,Science,12,25.26680606444862,86.94149274080105
S206,Ishanvi Aggarwal,Biology,11,26.19708491295271,85.93417662612164
S207,Tanish Mall,Math,8,26.81304537950454,80.92886251469254
S208,Kabir Mukhopadhyay,Computer Science,11,28.70765256034811,77.44712794283217
S209,Urvi Saini,Economics,12,28.99057734096633,77.6963748987132
S210,Qasim Kumer,English,6,25.60892217042826,85.15756175417728
S211,Sarthak Bawa,Science,12,26.450972137220678,80.37331217381237
S212,Luke Sridhar,Science,8,26.809001320412516,80.92091199173014
S213,Ubika Vala,Computer Science,9,25.393996681568083,81.80413614015849
S214,Yug Chand,Computer Science,6,28.65963189670283,77.4212490548473
S215,Zehaan Loke,Math,10,24.83016316799689,85.00996701880912
S216,Jasmit Kant,Biology,11,25.300957767787747,82.9437946669507
S217,Varenya Pillai,Economics,7,25.62376405719575,85.09918690760881
S218,Luke Mander,Economics,8,27.150027424068934,78.04331697128934
S219,Faqid Krishnamurthy,Economics,12,25.27227247412543,86.93984754941027
S220,Yadavi Dani,Math,9,25.23043656476344,86.94993089032258
S221,Frederick Bhatnagar,Biology,7,24.819615893436417,85.03288031921905
S222,Hiral Kakar,Science,6,25.59290732196247,85.10483119375922
S223,Logan Gulati,Science,9,25.25042700912267,86.98001461237511
S224,Wishi Wali,English,8,28.52950349304706,77.3678267480201
S225,Bhavini Mammen,English,10,25.31248139512664,82.9637994323543
S226,Isaiah Sastry,History,8,26.45768574192168,80.2970114358191
S227,Dayita Naik,Computer Science,6,25.41435629317548,81.81458759163169
S228,Oeshi Suresh,English,7,26.128536933249944,85.90856334131279
S229,Varenya Vasa,Economics,12,25.55548781105665,85.14773794839292
S230,Laksh Garg,Physics,9,28.66653083037973,77.40386512510584
S231,Neha Bhatia,History,10,28.98878503755118,77.75390930412776
S232,Eesha Grewal,English,6,26.12731922318071,85.33263693991918
S233,Aradhana Wadhwa,Science,9,24.75424950636186,84.9574135514564
S234,Rayaan Menon,Math,8,28.70861720330985,77.42011725573447
S235,Shaurya Balan,Physics,6,28.698237806217374,77.49081075899848
S236,Raksha Gandhi,Science,6,25.27947355794152,86.9442917729075
S237,Omaja Rama,Physics,7,26.103347913090897,85.37771018964362
S238,Sara Vasa,History,9,25.277852330848976,87.00465540390267
S239,Tanay Ghose,History,8,26.40924538165377,80.31047776640891
S240,Veer Roy,Biology,12,25.20659917066947,86.94595127111819
S241,Mitesh Randhawa,Physics,11,25.32766192166713,82.99831528415574
S242,George Sengupta,Math,7,24.746762777607945,85.00512973524766
S243,Harini Batra,Chemistry,7,25.43395573311042,81.79840951400757
S244,Atharv Bera,History,6,26.81582521047477,80.97000750459242
S245,Chanchal Padmanabhan,History,10,25.215930137059413,87.01508434000047
S246,Noah Uppal,Biology,8,29.00309380588011,77.74157787448075
S247,Bachittar Bhasin,Science,7,25.549770778310823,85.13204801165266
S248,Raagini Mane,Math,8,26.89169045270475,80.96054256634487
S249,Osha Virk,Chemistry,11,28.511119507852047,77.3724520941167
S250,Eesha Balakrishnan,Math,6,26.857395600526623,80.93713173979197
S251,Yashica Lad,History,12,28.98326743418289,77.66293380375437
S252,Ati Kohli,Economics,9,25.323429183866143,82.95367570959563
S253,Nidra Date,History,11,24.823940857897743,84.99069364658062
S254,Vivaan Sur,English,6,26.12971183921893,85.85596296656433
S255,Jackson Jani,Biology,10,24.749979751206688,84.9883251352989
S256,Ayush Rana,Chemistry,7,26.113091109384097,85.3951067795302
S257,Tamanna Sagar,Economics,8,25.31685085264522,82.97479535743341
S258,Warda Kunda,Economics,8,26.14987327855776,85.9050757812667
S259,Sarthak D’Alia,Science,10,25.352262387448107,82.92553219064087
S260,Anya Baral,Math,8,25.321355929859,82.9619822504145
S261,Ira Randhawa,Computer Science,7,25.30583363209831,82.9913483625611
S262,Harsh Balakrishnan,Science,9,26.163145847238592,85.31517535196775
S263,Shivansh Madan,English,10,24.809436854637653,85.03576553961405
S264,Aahana Dewan,Math,9,26.40052425253625,80.33194294150563
S265,Tarak Naik,History,10,26.875461683569064,80.89840549234448
S266,Jagrati Jani,History,10,25.643101379605277,85.13650900869861
S267,Sudiksha Amble,Chemistry,10,28.546714111669463,77.43106080757559
S268,Ekbal Sen,Chemistry,9,29.009455525545896,77.73395362645661
S269,Noah Sinha,Economics,10,26.082026464540984,85.31914931344151
S270,Sanaya Mand,Math,6,26.815568284827176,80.91067285672901
S271,Nikita Jha,Computer Science,7,28.697374113803843,77.42945292372464
S272,Amrita Shanker,History,8,27.198412599111517,78.02952970635076
S273,Nitara Karpe,Biology,10,24.75233686666876,84.96883552934818
S274,Zaid Khurana,Science,9,26.15223674961632,85.34670624250874
S275,Darsh Dada,History,6,26.836157998556587,80.98405994027046
S276,Ayaan Sengupta,Science,8,28.629725167538663,77.43650604922247
S277,Nisha Bala,Chemistry,7,25.48404443799395,81.87976239256233
S278,Jeet Prakash,Economics,6,26.46846533795831,80.37648999959198
S279,Abhimanyu Sarkar,History,6,25.453470685214768,81.89435498406822
S280,Sarthak Modi,Computer Science,8,25.58486822682508,85.17167086483356
S281,Chaitanya Reddy,Science,9,26.4309633022578,80.29282785306269
S282,Aditya Tripathi,History,7,25.621695433496985,85.13467662463079
S283,Chandani Brahmbhatt,Biology,6,25.46893799778748,81.82650353873446
S284,Pooja Shroff,Computer Science,11,27.18104732031441,78.03005512647275
S285,Urishilla Purohit,Chemistry,7,27.19988075356974,77.95836442916759
S286,Ekavir Agarwal,Science,9,26.875459573154547,80.92435914735135
S287,Vedhika Garde,Economics,11,26.122846802268494,85.920693571978
S288,Raagini Vasa,History,12,25.40566798979857,81.84437973882957
S289,Vasatika Hari,Computer Science,12,26.44176579728253,80.31176785494895
S290,Lavanya Joshi,Computer Science,12,26.07611568016532,85.34399410242241
S291,Ekani Gour,Math,8,26.450339851027262,80.30003877694617
S292,Amara Chakrabarti,Physics,8,25.400100931066454,81.81709562469372
S293,Darpan Vyas,Math,7,24.767757370172845,85.03341501851492
S294,Hemani Muni,Biology,7,27.223202519067804,77.96932382832696
S295,Arya Raj,Chemistry,9,26.15390817102388,85.90356075812491
S296,Ryan Goyal,English,7,26.186414015601592,85.92182000512348
S297,Ladli Halder,Math,9,28.550581285601023,77.40599463459405
S298,Eesha Mohan,Biology,9,26.851072576473783,80.97500291933738
S299,Samaksh Bala,Physics,10,26.45214291156005,80.30160582893461
S300,Diya Bhargava,Math,10,25.566871623172485,85.09169038985367
S301,Ankur Seth,History,10,28.944001243886273,77.6949964275242
S302,Saanvi Bajpai,Biology,8,28.80123612364888,78.74501919089829
S303,Rakesh Saxena,History,8,28.883602808242824,78.82270057227794
S304,Abhinav Tiwari,Computer Science,8,28.943342561845675,77.65847294178276
S305,Vivek Chaturvedi,Science,6,25.44999021659787,86.09887335525461
S306,Ekta Pandey,Economics,12,28.57286680850582,77.42959376038819
S307,Vishal Srivastava,Biology,9,25.52698894291786,87.52736857201101
S308,Aarav Goel,Science,6,26.13708066250743,85.8884117212298
S309,Shishir Verma,Science,10,23.74120674155878,86.02148516302151
S310,Vivek Bhardwaj,Physics,12,26.410604433264357,80.34076049011841
S311,Priya Singh,Math,9,26.83726579237429,80.91866584789975
S312,Saanvi Bansal,Physics,6,24.164488824808803,86.3187651300203
S313,Diya Pandey,Physics,10,25.45781391266349,86.15365556755873
S314,Shishir Kaushik,English,10,28.695362060866156,77.42038771938095
S315,Mayank Bhardwaj,History,6,26.071890384589576,85.33611766046674
S316,Meera Goel,Economics,7,25.438503777860973,81.84931424477277
S317,Sara Trivedi,History,6,28.70540858925478,77.4835267050717
S318,Krishna Tiwari,Computer Science,11,25.62854297198468,85.1196633807091
S319,Vivaan Pathak,Economics,12,29.003602085902287,77.70089053195437
S320,Khushi Joshi,Chemistry,11,24.195109616065906,86.33823586824502
S321,Ananya Bansal,Math,7,25.748584707788194,87.43949985154438
S322,Krishna Upadhyay,Physics,10,23.37103883513914,85.28967827219043
S323,Gauri Dwivedi,Physics,6,24.484670113150273,86.74566399995165
S324,Yash Singh,History,7,25.760374097137213,87.44472958455442
S325,Divya Soni,English,7,25.431987937381127,86.14507981212441
S326,Siddharth Chaudhary,Economics,9,26.128500727357096,85.93840131972074
S327,Vinay Srivastava,Biology,12,24.80490068070504,85.032930957639
S328,Vivek Agarwal,Biology,12,25.767224528507924,87.5007130729875
S329,Vinay Bajpai,Biology,8,28.688885247920574,77.48175282752936
S330,Rohan Pant,Economics,9,27.207217600172957,77.97317509743156
S331,Vikram Bisht,Math,6,23.76545313449898,85.95148167049032
S332,Diya Mittal,English,11,22.840690101150642,86.1610659000776
S333,Prashant Rawat,History,7,27.925430731453357,78.12896629256451
S334,Rohan Dixit,English,9,25.53984538840174,84.68988697514128
S335,Siddharth Tomar,Chemistry,10,26.460861888729106,80.34073553114796
S336,Saurabh Jha,English,7,25.45706768711399,86.15007965738097
S337,Sakshi Verma,Economics,6,23.605183321460803,85.55778817155513
S338,Rakesh Rastogi,Math,12,28.536390002051228,77.36465172046093
S339,Pankaj Prasad,History,7,24.78191104589751,85.0315084294195
S340,Kunal Dubey,Computer Science,11,27.939661897363585,78.07182101517566
S341,Riya Baghel,Science,7,23.797564088209295,86.38287584421245
S342,Prashant Dubey,Computer Science,8,29.0064369647101,77.6972475253636
S343,Ekta Singh,English,6,23.58857025894522,85.54879989004104
S344,Pradeep Chauhan,History,9,28.530666610399358,77.4073893624112
S345,Shivansh Bisht,Biology,12,23.641148424333032,85.53509206494763
S346,Vikram Jain,History,6,28.526846972603703,77.38669930225555
S347,Tanvi Jain,Economics,8,25.798970158248544,87.48622466434156
S348,Ananya Bansal,Computer Science,11,28.994124107895423,77.70045808774641
S349,Pari Upadhyay,History,11,25.283666613058237,82.96002273043922
S350,Sanjay Thakur,Math,6,26.43400249508711,80.32667017391044
S351,Shivansh Rai,Computer Science,11,28.83023233126195,78.80222728620521
S352,Pradeep Pal,Science,7,25.372689360633817,86.16157487915584
S353,Sumit Parashar,Computer Science,7,23.65043990831812,85.52633086119997
S354,Praveen Kumar,Computer Science,8,23.624221907970664,86.13212446373599
S355,Vikas Trivedi,Math,6,25.573006441665193,85.15568423146603
S356,Diya Khandelwal,History,10,23.82357326274998,86.42317299465208
S357,Mohit Ojha,Chemistry,9,24.01166998188802,85.40182774096833
S358,Rajeev Mittal,Science,8,22.783681874059624,86.21501960810177
S359,Kabir Mathur,Chemistry,9,23.628296627719504,86.17716523876842
S360,Anshul Pandey,History,11,25.42517351463712,81.82117062434388
S361,Prashant Sahay,Physics,6,23.76092321041904,86.41786185644918
S362,Samaira Rastogi,History,12,24.74397398300871,84.96341699425271
S363,Gauri Parashar,Computer Science,8,24.235707005842762,86.35800533602358
S364,Swati Chaubey,Computer Science,11,25.554754690568487,87.53071615423976
S365,Kavya Kushwaha,Biology,7,25.76987020440655,87.48753995871358
S366,Prashant Mathur,Physics,9,23.829991570598242,86.41429077079059
S367,Kavya Vashistha,Math,7,27.897493014664658,78.13123113690366
S368,Sumit Chaturvedi,Chemistry,10,23.337505501099923,85.30868768411358
S369,Tarun Bajpai,Physics,11,26.18745862672669,85.85382091143619
S370,Ankur Thakur,History,12,28.575497477006202,77.39931164940316
S371,Sai Jha,Physics,7,28.499413675755832,77.381186316088
S372,Praveen Bansal,Biology,9,28.95326985220254,77.73000691031397
S373,Praveen Jain,Biology,9,24.010846003593898,85.3994388245435
S374,Atiksh Bajpai,Biology,11,24.000588867189002,85.3529010301939
S375,Kunal Kaushik,Biology,7,25.38529844337469,86.14492830429097
S376,Shweta Pandey,Science,12,27.850931086441527,78.10636984187346
S377,Sushil Maurya,Science,6,25.570259402517287,84.70400529258106
S378,Abhinav Tomar,Math,10,25.762332091945925,87.44144605755018
S379,Shivansh Pant,Biology,6,24.823679564710854,85.0027595175361
S380,Siya Dwivedi,Math,9,26.1842758319635,85.9309305113487
S381,Vikram Thakur,Math,10,25.432458550665185,81.80041862484576
S382,Shweta Upadhyay,Science,12,25.566595083932466,85.09713705697251
S383,Riya Bhardwaj,Computer Science,12,26.16834754587656,85.36048913524604
S384,Saurabh Sharma,Science,8,28.57934388075565,77.38131207792595
S385,Atiksh Rawat,Biology,7,25.568533976113137,85.1490929574504
S386,Aaryan Kushwaha,Computer Science,7,24.19187724597805,86.32415544955613
S387,Rakesh Chaudhary,Economics,8,25.77404064110967,87.50598740980799
S388,Tarun Rajbhar,Science,9,26.411833271516,80.33284422424144
S389,Isha Jain,Biology,11,25.59001773030616,84.61754496528295
S390,Anshul Joshi,Physics,9,24.006909585833373,85.38597275541726
S391,Vishal Srivastava,Math,9,28.576576390831374,77.43473772731289
S392,Sara Pant,Science,7,22.772264703942113,86.2111628970617
S393,Tarun Parashar,Science,7,24.160856074082925,86.30318984991578
S394,Rajeev Chaudhary,Economics,12,23.787000737899476,86.01859397259712
S395,Kamal Kaushik,Math,8,27.854340293110045,78.09809820626847
S396,Shanaya Tiwari,Computer Science,9,25.27289602775185,82.95893726677363
S397,Shubham Chaturvedi,Computer Science,8,23.778294312263967,86.00955489179968
S398,Sumit Rai,Science,9,22.776720826522613,86.20573332795843
S399,Sanjay Jha,Chemistry,12,28.825373385535688,78.80537400922675
S400,Kamal Rai,History,8,26.150725239805052,85.87499428249878
S401,Vineet Bajpai,Math,11,25.560412727175123,87.56593169441742
S402,Sunil Shukla,History,7,27.178369802924742,78.0185894497023
S403,Shivansh Bajpai,Computer Science,10,25.428749497784327,86.09489046559332
S404,Vineet Tripathi,Economics,8,25.292209735534843,82.95485225775914
S405,Ishaan Tripathi,English,12,23.754855935333786,86.40738294254892
S406,Aaryan Dixit,Chemistry,11,25.366785838649875,82.93411274967805
S407,Kamal Rana,English,12,25.815226951881776,87.51472259464953
S408,Riya Bansal,Chemistry,7,24.807975668499708,85.03428139723685
S409,Priya Baghel,History,6,23.797330510765065,86.38125527783157
S410,Bhavna Rathore,Physics,8,28.542558015576873,77.40094628020856
S411,Aaryan Verma,History,6,26.460920626721364,80.29473851892544
S412,Sakshi Negi,English,8,25.507193228302356,87.56467720849709
S413,Atharva Chaubey,Physics,10,26.43670703618213,80.28954348179283
S414,Vikram Sharma,Economics,12,26.406176143090775,80.33701130953375
S415,Deepak Thakur,English,10,23.812694720992948,86.40151845399083
S416,Ayaan Rohatgi,Science,7,23.950747286406877,85.35074847710068
S417,Vinay Dubey,Economics,8,23.632623758628377,85.54211337446547
S418,Shishir Chaturvedi,Biology,6,24.452514443302675,86.69158052489163
S419,Reyansh Jha,Economics,11,28.793740238661595,78.78284776527566
S420,Aarav Awasthi,Computer Science,9,23.81180914716935,86.45969756966011
S421,Meera Saini,Biology,6,28.34470388245638,79.40719094771278
S422,Samaira Awasthi,Computer Science,9,25.41917123860355,86.13992252549338
S423,Ayaan Sinha,Science,9,23.66361400870407,86.1753422000546
S424,Divya Seth,Economics,8,26.134288005438023,85.37608906807273
S425,Vikas Tiwari,Chemistry,8,27.9106722645271,78.12791760617249
S426,Rajeev Rawat,History,8,26.810557551566955,80.99111128603384
S427,Kamal Vashistha,Math,12,25.402726529067365,81.84233176057081
S428,Arjun Sinha,History,7,23.6296073345399,85.53113399211803
S429,Shivansh Trivedi,Economics,7,25.620410410774404,85.12729382386203
S430,Aarav Bajpai,Math,10,24.46702137410527,86.71618599796828
S431,Shivansh Srivastava,Biology,11,26.459009746300932,80.34562226900623
S432,Shaurya Baghel,Math,8,25.4509814316813,81.82265116829551
S433,Kunal Tiwari,Economics,12,28.573466990473918,77.43449750259626
S434,Rajeev Trivedi,History,8,23.841346022474934,86.38472303369302
S435,Sandeep Garg,English,11,25.32604837558431,82.9977076526435
S436,Shubham Sinha,History,8,25.255977458323525,86.99546929769247
S437,Sandeep Rathore,Economics,9,25.27515358189746,86.97703536297998
S438,Vineet Khandelwal,Physics,7,26.485265429745958,80.28698417705259
S439,Deepak Verma,History,9,23.805192286511264,86.4173905661037
S440,Shishir Sinha,History,7,25.55866281294759,84.66272885585634
S441,Sandeep Dubey,Biology,9,28.392982412289605,79.47315631830924
S442,Amit Srivastava,Chemistry,9,25.221151331061805,86.98479222378774
S443,Tanvi Soni,Science,6,25.473525820556347,81.84087502099976
S444,Vivek Verma,Physics,6,25.414930019519595,86.1415869416219
S445,Gaurav Khandelwal,Computer Science,6,24.162763507676637,86.28600068815136
S446,Sneh Mathur,Chemistry,8,28.552133178628328,77.40273885615724
S447,Sakshi Lal,Chemistry,7,25.766550934776145,87.44372523045114
S448,Atharva Tomar,Science,6,28.88677893904065,78.74869434482854
S449,Sushil Pundir,Math,11,26.142070250473733,85.92320843580188
S450,Vihaan Chauhan,Biology,9,25.57904910954304,87.56365760689783
S451,Tanvi Ojha,History,11,25.74330377927835,87.45677069204298
S452,Anshul Paliwal,Economics,8,25.72793855164189,87.5155775124078
S453,Amit Maurya,Economics,9,28.65526929574742,77.47240298319369
S454,Atiksh Rajbhar,Math,11,25.575491429443048,84.66505682860686
S455,Ekta Paliwal,Economics,11,23.78491331336783,86.04434478175354
S456,Shishir Pant,History,7,28.398923237365835,79.45413937588049
S457,Arjun Mudgal,Biology,8,25.204528040588286,87.01274096132096
S458,Shubham Joshi,Computer Science,6,25.452738340256012,86.16136902006906
S459,Praveen Sahay,Physics,12,23.686672111877012,86.10725416634848
S460,Pari Saini,Biology,7,25.580024242772623,85.13925890651879
S461,Sumit Maheshwari,Economics,10,26.154665941028345,85.36009286217386
S462,Sakshi Tyagi,Math,10,28.658603764939205,77.44167858821827
S463,Gaurav Chaudhary,English,9,25.377170463516215,86.13803643503147
S464,Kabir Khandelwal,Biology,9,23.634026809061027,85.47259662513673
S465,Chetna Saini,Physics,10,22.8520735535336,86.24003201618346
S466,Kavya Upadhyay,English,10,23.977973089340193,85.40763531932778
S467,Shivansh Awasthi,Chemistry,11,28.823086373295297,78.76191493031742
S468,Prisha Lal,Physics,9,23.684193483959422,86.10457489151275
S469,Shivansh Kushwaha,Economics,7,25.556527065908636,85.13812671031113
S470,Saurabh Soni,English,6,26.741451266660018,83.42051698529322
S471,Umesh Dubey,Math,6,26.12611134085006,85.38257172798993
S472,Pradeep Kumar,English,11,23.72782059424709,86.03388292806198
S473,Anupam Sharma,Economics,7,27.224352975350257,77.97358033208069
S474,Saurabh Singh,Math,10,23.99540407928949,85.40777610634805
S475,Saurabh Maurya,English,6,25.636118084892956,85.16874363894554
S476,Shweta Rana,Computer Science,6,26.485135371211587,80.31828466084896
S477,Atharva Bansal,Science,9,28.986066513832558,77.72688760874577
S478,Shubham Tiwari,Math,8,23.77374795228441,86.40868473030903
S479,Abhinav Khandelwal,Economics,8,25.546820789748978,84.6235290303091
S480,Pankaj Rai,Economics,11,27.14130158189275,78.0180321970625
S481,Richa Parashar,Biology,7,24.032692749081892,85.385843418976
S482,Lalit Bhardwaj,Computer Science,6,26.85183229201255,80.97610579156273
S483,Aditya Pundir,Math,7,28.33738251272348,79.4151782012171
S484,Atharva Lal,Math,7,23.809305513111607,86.39458643216527
S485,Vivaan Sahay,Computer Science,9,23.944322996069143,85.34635402784713
S486,Ananya Rohatgi,History,6,23.352489567642632,85.26661207335366
S487,Vivaan Rathore,Chemistry,12,28.62841215951458,77.42869584110574
S488,Rajeev Verma,Biology,12,24.204547674741438,86.34732806447825
S489,Richa Tomar,Biology,12,24.182990986106763,86.33117465759423
S490,Divya Singh,History,12,25.569933371514797,85.10194652325846
S491,Dhruv Rai,History,7,26.772423461584882,83.40344619496774
S492,Priya Awasthi,Science,9,28.809819095050877,78.77565238006355
S493,Nikhil Sinha,Economics,6,23.712237739775993,86.11253728337452
S494,Atharva Gupta,Biology,7,23.76534942849137,86.0252099897913
S495,Ananya Verma,Physics,9,25.530288584039027,87.5715905033671
S496,Pankaj Srivastava,Math,9,28.41068549462451,79.42594884478069
S497,Rakesh Gupta,Computer Science,9,25.51169424824567,87.48106048537801
S498,Gaurav Chaturvedi,Biology,11,23.796514147252463,86.40875454066544
S499,Amit Saini,Math,12,25.579897176692903,85.16083213247424
S500,Mayank Singh,Biology,8,25.48161290207587,81.80046879477169
S501,Riya Tiwari,History,8,25.58262880547158,87.49317333309685
S502,Amol Saini,Science,6,25.76242439214803,87.48017609757085
S503,Krishna Jha,Physics,8,28.646783133249492,77.45823393643123
S504,Anshul Chaudhary,Computer Science,8,26.118244998909024,85.35112581205202
S505,Khushi Saini,Science,8,26.446443168092532,80.3362106182925
S506,Saanvi Pandey,Science,6,25.447744581720094,81.8489336081214
S507,Gauri Bhardwaj,History,10,24.83853367133765,85.04366824673276
S508,Vinay Pal,History,11,28.81229305906571,78.8221847003052
S509,Amol Srivastava,Science,7,27.86241903538693,78.1180369429126
S510,Aarav Chaturvedi,Math,9,25.517797675528527,84.68388355280628
S511,Krishna Maheshwari,Science,10,25.534808896158637,87.52782664693419
S512,Sushil Ojha,Chemistry,6,25.41797625439718,81.88848577634667
S513,Vikram Prasad,Computer Science,9,25.444448375815263,81.84679157574591
S514,Sneh Kushwaha,History,6,27.15152583365723,77.96636962126202
S515,Vivaan Rana,Physics,10,23.623529889097288,86.19955049542855
S516,Yogesh Khandelwal,English,8,23.77188707060481,86.39678378819262
S517,Khushi Shukla,Economics,8,25.44176084275092,86.14143228090548
S518,Rakesh Parashar,Math,8,26.098907349097782,85.35446835724437
S519,Rajesh Goel,History,10,26.4093331329625,80.2951816487689
S520,Atiksh Bansal,English,8,25.280890420511838,87.05361470981504
S521,Trisha Rohatgi,Math,10,23.811156918591372,85.96413665917271
S522,Abhinav Tomar,Computer Science,11,27.180427099900065,77.98083987997255
S523,Ankur Verma,History,7,23.659132590232403,85.51480958052834
S524,Bhavna Rawat,Physics,10,28.326168755508796,79.41201387252627
S525,Shivansh Tyagi,History,10,25.54006118245513,84.6355777860236
S526,Aditya Kumar,English,10,23.58366275492284,85.52662238454053
S527,Alok Verma,English,11,28.942402800903135,77.6810364975472
S528,Rajesh Kumar,Economics,8,28.792733881746774,78.7727451660618
S529,Rakesh Kaushik,Biology,9,28.96397209251122,77.66127708269104
S530,Sumit Rohatgi,Math,10,23.66594283074925,86.13086147113371
S531,Yash Dixit,Math,9,25.350197064912397,82.98792829936546
S532,Vanya Mudgal,Chemistry,11,24.23183151261192,86.33295089468523
S533,Arjun Pant,Economics,9,25.285452852349508,82.96341166728398
S534,Pari Mittal,Math,6,23.814528563342588,85.95509404293692
S535,Aaryan Dwivedi,Math,11,28.41467722208485,79.46594101344739
S536,Sanjay Rajbhar,History,7,25.431565653834934,81.80449672879541
S537,Shaurya Bansal,English,12,23.999848712288742,85.36756927714094
S538,Khushi Lal,Chemistry,10,25.411838118750733,81.87400019683521
S539,Isha Rawat,Computer Science,12,25.814072387954894,87.52268839588429
S540,Rakesh Seth,Math,9,25.227658840019004,86.96904233140343
S541,Gaurav Mudgal,Computer Science,8,23.958747408725614,85.40345205548762
S542,Ramesh Paliwal,Chemistry,7,26.152186515682114,85.37271800994807
S543,Sumit Vashistha,Math,7,25.582925463689083,85.1348564747551
S544,Akash Rawat,Science,12,26.166153733214152,85.93100420866313
S545,Shanaya Mittal,Chemistry,7,26.12830837708822,85.37181041798209
S546,Kunal Jain,Economics,9,28.872498246845424,78.74363392857637
S547,Ishaan Pant,Computer Science,10,27.221226052372224,78.02951318684833
S548,Khushi Rohatgi,Economics,7,23.631967141477855,86.14242383042263
S549,Yash Sinha,English,11,25.496000183185124,87.57634230997137
S550,Sara Saini,English,11,25.264086243908046,87.01704669442421
S551,Vivek Joshi,Math,6,23.622521318177423,85.56390688398713
S552,Sakshi Mittal,English,9,25.58428311614037,87.56862493091134
S553,Shivansh Saxena,Economics,12,25.28647195220519,82.97451525233186
S554,Richa Chaubey,English,9,25.450014000647172,86.12218397110644
S555,Gaurav Dixit,Computer Science,10,23.6253263503402,85.49425782817495
S556,Amol Kumar,Economics,9,24.458386619501542,86.65874364265723
S557,Anshul Bansal,Math,12,28.98876792711039,77.74384197059939
S558,Bhavna Sinha,Chemistry,7,29.006211349545584,77.75429400709265
S559,Sunil Rana,English,6,23.95045748388451,85.3879704693325
S560,Divya Rana,English,12,26.07741530131999,85.40482248892961
S561,Vishal Sinha,Physics,7,27.14399425485517,78.00407324421852
S562,Shweta Tomar,Computer Science,9,27.179942609040957,78.02009532983189
S563,Anshul Pathak,Chemistry,7,26.141631039687436,85.39632789361951
S564,Amit Rathore,Chemistry,7,24.806709673039215,84.95178997874918
S565,Sneh Rai,Computer Science,11,23.697241600281018,86.16705416685492
S566,Ramesh Tyagi,Physics,9,26.14865473065249,85.39785521314795
S567,Vikram Bajpai,History,9,25.522747465714136,84.63603087749091
S568,Tanvi Mishra,English,12,24.839160823177934,84.997638560308
S569,Richa Saini,Physics,12,23.785017077541955,85.94983030505047
S570,Manish Rawat,Math,11,25.283268418682077,87.01813651921726
S571,Dhruv Dubey,Computer Science,10,24.804158908517007,85.01410119705116
S572,Kabir Sahay,Computer Science,9,22.84035774483402,86.24504652829258
S573,Tanvi Saxena,Biology,9,28.58014518377744,77.4069030045677
S574,Prisha Awasthi,Economics,8,23.297630392333183,85.28961428678511
S575,Trisha Rajbhar,Biology,11,23.651158024069222,85.52834986290587
S576,Aaryan Rai,Computer Science,11,26.788351860461667,83.34457767187466
S577,Amol Gupta,Computer Science,11,25.434535550400035,86.08770064344779
S578,Vanya Tyagi,Science,9,23.95940929255314,85.36141915016871
S579,Akash Rana,Chemistry,12,25.275317439676524,82.99397256466999
S580,Vikram Garg,Math,8,25.454422631563652,81.81308276527268
S581,Praveen Awasthi,Physics,8,23.70727382652402,86.17934347062615
S582,Shubham Sinha,Math,12,23.69975867244075,86.15290387118819
S583,Atharva Pant,Biology,12,23.76875986865268,86.45730852871976
S584,Sara Tiwari,Physics,10,23.774750138438502,86.44535926113156
S585,Deepak Maheshwari,Science,11,26.12963470735762,85.38479934758274
S586,Arjun Sharma,Physics,11,25.376560202055227,86.11791344021547
S587,Umesh Gupta,Physics,6,23.726026320932238,86.00854698289744
S588,Vinay Bhardwaj,Science,10,25.570998196940742,84.69976887944958
S589,Anurag Saini,Economics,6,23.670707297271537,85.51464543335229
S590,Vivek Lal,Chemistry,11,25.262880621532254,87.02316508303149
S591,Pooja Rana,English,12,25.55345850020259,87.48205365134032
S592,Neel Pathak,English,10,25.615397711663345,85.13664125278318
S593,Neel Kushwaha,Science,10,23.809901421922817,86.04227123771773
S594,Nikhil Trivedi,Chemistry,7,25.445750076384154,81.8471238496163
S595,Amol Tyagi,English,7,28.947809721886177,77.73603340966697
S596,Ankur Saini,Science,7,24.012477402799455,85.33037328058974
S597,Rajeev Chaudhary,Chemistry,10,26.481330641180747,80.29558939125289
S598,Nandini Singh,Science,7,27.894604260314882,78.10807998134452
S599,Vineet Pathak,History,10,22.794962466844957,86.16469264376084
S600,Manish Jain,Science,10,25.422684394309716,81.88713752709572
S601,Nandini Thakur,Physics,9,25.427880056779124,81.81230598602616
S602,Ishaan Jain,History,7,22.789961351835093,86.15564538881031
S603,Shweta Shukla,Computer Science,9,25.560905748304908,84.65308865269749
S604,Yogesh Rathore,Chemistry,12,26.12874041083336,85.9260040010327
S605,Sumit Upadhyay,Economics,9,26.751727348402408,83.40136965878547
S606,Prisha Pal,Science,12,24.5146428125754,86.72551508325836
S607,Kavya Rathore,Biology,8,24.238061516142807,86.2889009842174
S608,Richa Chaubey,History,12,26.13384490759215,85.93207190033633
S609,Vishal Goel,Science,10,27.223428805339168,78.04023039281971
S610,Bhavna Goel,Chemistry,6,28.8564428597552,78.7892135273491
S611,Shweta Goel,Economics,8,25.74194874764148,87.5183593652866
S612,Neel Yadav,Chemistry,10,24.77967328802061,85.0447242096436
S613,Isha Verma,English,9,24.1597805121854,86.35341764697668
S614,Vivaan Pant,Computer Science,7,28.6436539902067,77.43909580880563
S615,Nikhil Bisht,History,12,28.871747658395478,78.81141182658659
S616,Gaurav Seth,Biology,7,26.19904264474198,85.93870271324283
S617,Aaryan Trivedi,Math,8,27.163610168443302,77.99822194993557
S618,Kamal Soni,Chemistry,12,28.49257575227823,77.36464329405703
S619,Siya Upadhyay,Math,10,26.86102313290188,80.92715263602562
S620,Siya Tiwari,Economics,8,23.790578518618,86.41075095515309
S621,Divya Maurya,Chemistry,12,26.179779568917155,85.85559354155833
S622,Sai Mudgal,Computer Science,10,28.396302779525982,79.47390241150765
S623,Vikas Chaudhary,Physics,9,28.348534396338856,79.39348707079063
S624,Shubham Soni,Physics,12,23.83902875195569,86.3806494912411
S625,Vanya Pathak,Science,10,23.660141994013184,85.48566732658398
S626,Sai Shukla,Economics,10,27.919856256176292,78.12409787092669
S627,Alok Chaubey,Physics,7,25.57484445005338,84.61646373063519
S628,Rahul Rajbhar,Science,8,23.780740449480344,86.03527193409933
S629,Vinay Bansal,Biology,6,24.197924736626724,86.35839825659633
S630,Kunal Mudgal,Economics,7,22.851032314344465,86.19035607325591
S631,Yash Dubey,Biology,9,26.80644632732217,83.37976311762444
S632,Neha Chauhan,Economics,8,28.862681710036227,78.80033642946377
S633,Sara Lal,English,10,28.972707326539982,77.7460263748734
S634,Dhruv Mittal,Science,10,28.67725591424094,77.46005375756259
S635,Alok Dixit,Economics,7,22.78689879768964,86.20913148693641
S636,Saanvi Tomar,Physics,6,28.659893771390887,77.41749420271448
S637,Sai Rohatgi,Math,8,28.815157858597967,78.77316903709846
S638,Nitin Rastogi,Chemistry,10,23.625211998340472,86.15755794106538
S639,Prashant Chaubey,English,10,25.4126612031972,81.8741979456176
S640,Shanaya Saini,Economics,9,23.79049544433319,85.99247123914645
S641,Anil Prasad,Physics,10,23.75618240621956,86.02379712808596
S642,Vishal Chaturvedi,Economics,11,24.792906431933822,85.0238046051068
S643,Divya Saini,Physics,7,24.516677132893413,86.71401091469512
S644,Saurabh Upadhyay,Chemistry,10,23.836729888443102,86.4622057950431
S645,Atiksh Mittal,Science,12,24.836736567479978,84.9731823623417
S646,Aaryan Singh,Economics,11,25.519275950819555,84.68289956180057
S647,Ishaan Seth,Physics,9,22.78760954375195,86.22259887521483
S648,Pooja Srivastava,Chemistry,11,23.712385869300526,86.16237976279275
S649,Khushi Rai,Chemistry,10,23.8123500857334,86.44493475931787
S650,Arjun Srivastava,English,12,23.729172825992272,85.95665157490426
S651,Vineet Mishra,Computer Science,10,25.20136776359223,87.03846443517251
S652,Shivansh Seth,Physics,11,25.536219954497085,87.48178863082828
S653,Vikas Dwivedi,History,10,25.46163170818629,86.09281533666606
S654,Praveen Gupta,Physics,10,23.392740208717793,85.32527067701925
S655,Alok Bansal,Computer Science,9,25.3858513015925,86.08744218541311
S656,Rahul Rathore,Economics,6,25.440074484194547,81.84419988909241
S657,Rajeev Rathore,Economics,12,28.325818867862044,79.47201667307083
S658,Richa Pal,Economics,10,25.437396744938603,86.14585814106599
S659,Vivaan Verma,Economics,7,23.720393353222704,86.02908881978675
S660,Mayank Shukla,Chemistry,10,25.319130983357116,82.92647919136036
S661,Ishaan Agarwal,Biology,11,25.39974682458328,81.84697066836239
S662,Rajesh Thakur,Physics,11,26.444780197460826,80.36456991775678
S663,Atiksh Pathak,Computer Science,6,25.28192170936864,82.95541007308445
S664,Vishal Verma,Chemistry,12,26.770240467079205,83.37506128556348
S665,Anurag Kumar,Computer Science,8,26.406760408742844,80.32154540431301
S666,Aditya Tiwari,Biology,6,25.393547248920925,81.8010993136135
S667,Rajeev Saini,Economics,9,28.573757702453523,77.43260415931336
S668,Kabir Sharma,Science,12,25.26782364020316,87.05451858605174
S669,Trisha Khandelwal,Physics,8,26.099487279210194,85.34532643925057
S670,Saanvi Pandey,Science,9,27.218947451097605,77.99675619896159
S671,Shishir Sharma,Economics,7,26.113504253067003,85.39455542250741
S672,Rahul Mudgal,Computer Science,9,23.296845759594945,85.33129524127148
S673,Rajeev Prasad,Science,6,28.98647108933222,77.67302723302589
S674,Amol Chauhan,Math,7,24.011806959728077,85.3942137686075
S675,Lalit Rathore,Computer Science,8,25.539829494639214,87.55688620825079
S676,Gauri Pathak,English,6,28.950757436130235,77.68529942735326
S677,Himanshu Chaubey,English,11,23.597177862710744,85.50876555992073
S678,Atiksh Maurya,Physics,12,24.741512131793755,85.00782285979083
S679,Sanjay Vashistha,Economics,11,22.755930114649708,86.15302174039839
S680,Anurag Chaubey,Science,6,23.376743932006786,85.29622928920273
S681,Sanjay Pundir,History,9,25.5614207754443,85.12429798065918
S682,Aditya Rajbhar,Math,6,26.79923511315146,80.99563516238153
S683,Vivaan Kaushik,Economics,6,25.76749448471278,87.4727222960343
S684,Ananya Awasthi,Computer Science,6,28.660873147794735,77.42069126492812
S685,Shanaya Negi,Math,9,27.162952182960737,77.97556149599261
S686,Himanshu Chaturvedi,Economics,7,28.941254631216456,77.70254287826648
S687,Ankur Dixit,Computer Science,8,25.598410318920745,85.13691191161725
S688,Amol Sinha,Math,9,23.691025679552272,86.13436046115505
S689,Rohan Bansal,Computer Science,12,28.646060959066542,77.41444402732711
S690,Khushi Agarwal,Biology,7,25.28020485822122,82.95595969068306
S691,Tanvi Lal,Economics,12,25.627191316064682,85.16721230331684
S692,Yogesh Saini,Math,8,27.907307741040384,78.13694991150527
S693,Ramesh Kushwaha,Economics,11,25.40578254031683,86.1400550821344
S694,Neha Rathore,Economics,9,28.488937444487362,77.34371942457672
S695,Sanjay Pal,Science,9,25.4076492601789,86.12856248687545
S696,Aaryan Prasad,Math,9,23.627338179301887,86.18084131027705
S697,Sushil Kushwaha,Computer Science,7,26.122499930504734,85.37692191430935
S698,Aditya Kumar,Science,7,28.795686588554496,78.78595694877248
S699,Prashant Pal,Computer Science,10,26.092055890519422,85.34707096274714
S700,Nitin Gupta,English,8,25.77153457135148,87.4649208046533
S701,Samaira Awasthi,Math,10,25.529765065259447,84.64155154614453
S702,Anurag Soni,Biology,10,26.155334220876377,85.92846964975803
S703,Ekta Seth,History,11,27.18616116732897,78.0105561706924
S704,Trisha Singh,Biology,7,25.439931384179847,81.88648826838052
S705,Chetna Garg,Math,6,23.709260464989015,86.19566537718205
S706,Nikhil Verma,Economics,6,25.567874853039235,87.5605907073297
S707,Shaurya Vashistha,Math,7,27.217233265721102,77.96044290163128
S708,Lalit Kaushik,History,12,23.630390734020743,85.46991032856533
S709,Pradeep Negi,Math,6,22.784852631464542,86.2112044266548
S710,Prisha Pathak,Economics,8,23.391632527030655,85.31605235728917
S711,Ramesh Pant,Chemistry,7,25.566939527494338,84.61178189855265
S712,Reyansh Verma,English,12,24.040215652646776,85.34338470590548
S713,Dhruv Tyagi,Chemistry,8,26.812200364346396,80.96453761349491
S714,Vinay Joshi,English,10,25.425942516931652,86.16184442299601
S715,Kabir Gupta,Chemistry,10,24.827716035031255,85.0102801936266
S716,Nandini Bisht,Math,10,23.354178259392278,85.31172265020525
S717,Anil Goel,Physics,6,28.81598804034522,78.8124214738649
S718,Nikhil Gupta,History,6,28.87718612299229,78.75036141857085
S719,Dhruv Srivastava,Chemistry,10,23.80416362998333,86.00834045843241
S720,Sakshi Vashistha,History,10,28.85909306925415,78.81869781504693
S721,Ankur Baghel,Math,10,28.78921691081897,78.72512433172706
S722,Mohit Awasthi,Computer Science,11,25.73247292643443,87.50498983659206
S723,Rohan Tripathi,English,9,26.130996637834947,85.92539253061402
S724,Dhruv Goel,Biology,11,24.799909493184042,85.03589345639465
S725,Yogesh Soni,History,10,26.717636193477414,83.38941357909837
S726,Shishir Mudgal,Biology,9,24.008648202312482,85.4055391114316
S727,Saanvi Pundir,Computer Science,7,24.810705423841924,84.95904465627046
S728,Shanaya Goel,Economics,12,26.724275950498217,83.33850449483182
S729,Samaira Saini,Math,10,25.407855755318487,81.85440061701257
S730,Akash Bhardwaj,History,9,28.575400728038137,77.35421137093715
S731,Neel Baghel,Physics,10,24.524862975540564,86.71157509136408
S732,Anshul Khandelwal,History,11,26.13857443913626,85.38521821694565
S733,Vineet Rana,Science,9,24.825724475043305,84.99851690882235
S734,Rahul Rai,History,12,25.340862564034477,82.92464533476061
S735,Pari Chauhan,English,7,28.703502899101256,77.4255610045683
S736,Sara Pathak,History,12,25.528283668281198,84.67045791073392
S737,Yash Rajbhar,English,12,28.52435614614348,77.44046800023635
S738,Atiksh Kaushik,Science,8,25.537216630624886,84.648780710167
S739,Himanshu Bisht,Computer Science,8,27.18767364245352,78.02535909354637
S740,Dhruv Pathak,Chemistry,11,26.426332123518154,80.3146198687658
S741,Rohan Thakur,Biology,12,25.39885481120992,86.16155447440835
S742,Gauri Mudgal,Chemistry,8,24.74843697516362,85.02298366196702
S743,Umesh Bhardwaj,Math,10,26.495136650751842,80.31253985533044
S744,Sanjay Mittal,English,11,25.30750425717399,82.96126378454088
S745,Richa Upadhyay,Science,8,24.45626756056085,86.71685033624864
S746,Prisha Seth,Economics,12,28.637553898297494,77.48810338182983
S747,Vivaan Saxena,Physics,12,28.355691795163388,79.46601582230498
S748,Dhruv Thakur,English,9,23.79722847645042,86.4580422055741
S749,Shishir Mathur,Science,6,25.4680281750188,81.80747406461448
S750,Isha Saxena,Math,7,27.16850713337429,77.97468582956358
S751,Atiksh Khandelwal,History,8,24.030647812551877,85.31403220840028
S752,Nandini Thakur,English,12,28.53699268688456,77.35527881896701
S753,Pari Khandelwal,Biology,9,27.906860460825428,78.0855114452854
S754,Vivek Pant,English,6,27.206747739174332,78.00764177664398
S755,Pari Bisht,Computer Science,6,28.83345025052328,78.77816862281887
S756,Vikas Yadav,Biology,6,29.029581786010656,77.66578147138085
S757,Amit Trivedi,Economics,11,28.792861978074022,78.74257346674842
S758,Sneh Kaushik,Math,9,24.49952759801949,86.69791636989731
S759,Riya Goel,Computer Science,8,25.564159667137382,87.5422976642241
S760,Umesh Saxena,Economics,7,23.660121316182348,85.49040822446352
S761,Pari Yadav,Biology,9,26.452993921272185,80.32850061647225
S762,Krishna Mishra,Chemistry,6,22.788342477476707,86.17339831747266
S763,Akash Mathur,Computer Science,7,27.922410459118236,78.13090323185895
S764,Sai Jain,Math,6,28.801540076201636,78.79688399410782
S765,Manish Rathore,Science,8,28.565113057007963,77.43507296018709
S766,Umesh Dubey,Computer Science,7,26.743414570273693,83.38070958654272
S767,Shanaya Chaubey,Math,7,28.826991988448345,78.73735590173224
S768,Ankur Pathak,English,10,26.106170760941524,85.88189338212358
S769,Neha Dixit,Economics,11,23.64236943807184,85.53672547800221
S770,Diya Rawat,Economics,10,26.723182777890834,83.37833823886815
S771,Ramesh Awasthi,Science,12,28.827498204718438,78.80716345338612
S772,Nikhil Trivedi,Computer Science,12,28.333585126670652,79.38985740982608
S773,Rakesh Srivastava,History,10,25.737282882374114,87.48297863711403
S774,Prisha Bansal,Chemistry,8,25.258773855191716,87.00962825453571
S775,Shaurya Bansal,Chemistry,9,28.863972236108967,78.75779808922948
S776,Kunal Rana,Science,10,25.395795494954694,86.1699067875187
S777,Sunil Mathur,Chemistry,8,23.63131145649105,86.14273809766854
S778,Tanvi Rastogi,Biology,6,25.546220528772515,87.54144015002217
S779,Kunal Pant,History,11,26.200536064102703,85.94146185603817
S780,Sneha Tomar,Chemistry,9,25.286557934057427,87.00108366629328
S781,Sara Srivastava,Chemistry,8,28.52268402484714,77.38528819197595
S782,Vikas Tiwari,Computer Science,8,23.673941128311498,85.46571169051435
S783,Ananya Tomar,Biology,8,28.362107842887045,79.47367931359379
S784,Vishal Tyagi,Math,9,28.975604843554905,77.68467859139989
S785,Ayaan Tomar,Computer Science,11,26.845535099107103,80.96336275261801
S786,Ekta Garg,Biology,7,28.83750692320938,78.77403689924199
S787,Anurag Soni,Science,11,25.377185842095813,86.12144064322318
S788,Vineet Seth,Chemistry,9,23.690572237849743,86.1114972401645
S789,Akash Lal,Physics,10,28.69060685866337,77.4772391693177
S790,Trisha Rastogi,History,12,27.194392062414362,77.97321989124436
S791,Amit Pandey,History,8,25.214279341487003,86.98343865540922
S792,Atiksh Negi,History,11,25.409283817998364,81.80736213835677
S793,Alok Negi,Computer Science,12,23.79073822257855,85.95698241038342
S794,Anurag Tripathi,Chemistry,8,25.547178147087582,84.65069972503761
S795,Rakesh Upadhyay,Physics,8,22.816922393828975,86.23885331644357
S796,Vivek Rawat,English,7,26.09138798793374,85.35340094695104
S797,Divya Srivastava,History,7,28.6474659714262,77.50302761131485
S798,Sushil Parashar,Biology,8,26.16763297588822,85.86306315326834
S799,Vineet Saxena,Physics,9,26.49666150026559,80.30361836739446
S800,Krishna Mishra,English,12,25.75960612095158,87.47555499383634
S801,Meera Sahay,History,9,25.418152390358543,86.17070005660501
S802,Ramesh Sahay,Economics,12,23.62412145612361,85.48255346526636
S803,Vihaan Dixit,Chemistry,7,23.945690197056877,85.39269174923614
S804,Deepak Maheshwari,Physics,10,25.457446787693943,81.89062669521431
S805,Vanya Garg,Economics,12,25.437227969583454,86.12623873028043
S806,Deepak Pundir,English,7,23.627892151953322,85.52260197217585
S807,Arjun Chauhan,Math,7,27.874533504022793,78.11279135267664
S808,Sai Mittal,Physics,11,26.48749316824755,80.35450361014492
S809,Vihaan Shukla,Economics,12,22.759072767133976,86.18220903419005
S810,Gaurav Rai,Computer Science,12,26.151325969472285,85.91278568956015
S811,Himanshu Tiwari,English,8,28.66132203114397,77.50323377112052
S812,Meera Tiwari,Computer Science,9,23.72709748020337,86.01022898071024
S813,Tanvi Tyagi,Biology,7,27.892848448801793,78.04411917038968
S814,Vikram Kumar,Computer Science,10,23.769482692953247,86.43541664753722
S815,Reyansh Dwivedi,Chemistry,10,27.85045345584946,78.1307705674875
S816,Deepak Shukla,Economics,10,25.497962071662396,87.49614822911028
S817,Khushi Rana,History,8,26.88589062510606,80.91155635445014
S818,Ramesh Paliwal,English,6,25.61510308909139,85.18579216806229
S819,Vineet Maheshwari,Math,7,24.1659174552527,86.35174465240576
S820,Ankur Paliwal,Science,10,24.008941268058972,85.36845304049739
S821,Manish Garg,Physics,12,27.216329422202048,77.9581042013934
S822,Nandini Mudgal,English,9,25.572542100414164,84.70922442021869
S823,Siya Jain,History,7,23.58324492517707,85.51738749433387
S824,Tanvi Saxena,Chemistry,6,25.524485288777267,84.66262354577384
S825,Rakesh Ojha,Computer Science,8,23.71879390035508,86.17839646581623
S826,Aditya Rana,Biology,7,28.37924813685703,79.44134764010641
S827,Sanjay Paliwal,History,8,25.518943505287563,84.62582376020566
S828,Sneha Goel,English,6,26.80343572714783,83.36714959641591
S829,Yogesh Seth,Math,8,26.771797032804425,83.33880587163563
S830,Sandeep Gupta,Math,6,28.684450615142797,77.48010931633193
S831,Sai Lal,Chemistry,7,25.285261601709102,86.97376753214037
S832,Vanya Jain,Computer Science,9,27.850610326147052,78.12577302065478
S833,Aditya Kumar,Physics,9,28.845764728398265,78.76031098456335
S834,Amit Bhardwaj,Computer Science,7,25.772405283754974,87.42700403917111
S835,Atiksh Baghel,Biology,12,23.65169396661754,86.13241811182704
S836,Aaryan Baghel,Physics,6,26.182625888436593,85.93523231449701
S837,Kavya Gupta,Chemistry,7,24.23655633398467,86.3226614882362
S838,Isha Parashar,Science,8,25.415160167401954,86.08753163389454
S839,Prashant Goel,Physics,11,24.767913694828326,85.0101694475909
S840,Prisha Tomar,History,12,26.858250716317613,80.9579543546016
S841,Sumit Soni,History,9,25.507195748868273,87.56405378747799
S842,Vishal Bajpai,Biology,7,23.6418658118999,85.48512719634992
S843,Rohan Kushwaha,Science,9,23.70093539412918,86.12307466933166
S844,Amit Maurya,Science,11,22.7609139810742,86.17268776183478
S845,Nikhil Jha,Physics,6,23.74213077621966,85.9955619188427
S846,Vivek Seth,Math,10,23.73985095248235,86.03586007833144
S847,Abhinav Sahay,Chemistry,12,26.15552053376111,85.40030354430091
S848,Aditya Soni,Biology,12,25.270420563659883,86.98933638339986
S849,Sneh Rajbhar,English,12,26.882809159487998,80.99537926100531
S850,Divya Mishra,Science,10,28.330873200732096,79.42524426999219
S851,Yash Bhardwaj,Physics,6,26.1406855336629,85.39570093482891
S852,Sneha Sinha,Science,8,25.328190769246937,83.00403564974245
S853,Siddharth Rai,Economics,6,27.187677525114193,77.97343412303944
S854,Ekta Chaturvedi,Computer Science,8,28.585282435259305,77.35379763458046
S855,Yogesh Bajpai,Physics,12,22.78474594960566,86.18709956700987
S856,Kamal Tyagi,History,11,25.443896627127135,86.10875520196689
S857,Siya Lal,Economics,12,24.46937092495619,86.66583105179262
S858,Chetna Prasad,Economics,6,25.327381874994693,82.99903230587631
S859,Gaurav Pandey,Physics,10,23.63268290006654,85.50895609640725
S860,Sushil Pathak,Science,12,23.766163410643113,86.0228780489144
S861,Sneha Bajpai,English,11,22.75543289867603,86.23957797490381
S862,Meera Saini,English,12,23.673566300139267,85.5161978474314
S863,Manish Upadhyay,Chemistry,8,24.174299833815695,86.32517227115292
S864,Reyansh Maurya,Physics,6,25.817718363761696,87.48203925016746
S865,Anshul Maurya,History,10,27.84974511375281,78.09982968112948
S866,Tanvi Jha,English,6,27.929245051174274,78.13142265680452
S867,Atiksh Singh,Physics,12,26.779158361898975,83.41948578587464
S868,Pankaj Saini,Computer Science,7,25.355033387170337,82.9383818792667
S869,Rajeev Jain,Biology,7,25.52906201889221,87.48296403660348
S870,Gaurav Rana,Math,10,25.315407592243442,82.92835339474722
S871,Mayank Rohatgi,Physics,9,22.809859889327072,86.18577216482099
S872,Siya Mathur,Chemistry,8,28.336651437719233,79.4028940026262
S873,Vikram Vashistha,Biology,12,26.447217521020686,80.37544364928917
S874,Vikas Baghel,Economics,10,26.733289162037426,83.40895091620717
S875,Nikhil Agarwal,Physics,9,24.82768639700848,84.98721636137968
S876,Yash Chauhan,Math,9,25.619924981950053,85.08862651947337
S877,Sara Dwivedi,Math,7,22.84201919683186,86.1541739047203
S878,Vikram Tripathi,Physics,9,27.918661969314766,78.12706071275915
S879,Priya Bhardwaj,Math,6,25.78947761443566,87.46430139914577
S880,Priya Chaudhary,Computer Science,12,26.07858149423984,85.39362646206622
S881,Kavya Garg,Science,12,28.83475055852268,78.77167246910808
S882,Pradeep Pal,Chemistry,8,25.782457234569986,87.44146278903055
S883,Kavya Pandey,Science,11,25.521895492665696,84.65504333087497
S884,Nandini Jain,Computer Science,7,25.736297835848024,87.49235404973666
S885,Vanya Khandelwal,Biology,9,25.313732142025618,82.97217070565517
S886,Pankaj Baghel,Math,12,27.90102247668752,78.11463809130319
S887,Ananya Mathur,Biology,11,26.80310264149204,83.37047076867704
S888,Tanvi Tomar,Science,12,26.72065088719438,83.33396620995582
S889,Neha Tomar,Chemistry,12,23.610259476252462,85.50637993740318
S890,Manish Goel,Math,12,23.944310800837467,85.37297650316718
S891,Sumit Garg,English,11,25.276492454833335,82.93947709803646
S892,Akash Ojha,Biology,7,25.542804907780383,84.6238961846533
S893,Swati Rathore,Science,9,25.522029630767957,84.68492667246609
S894,Saurabh Soni,Biology,8,24.4401262481425,86.69443296382757
S895,Lalit Awasthi,Science,10,25.45134423424466,81.83734567154139
S896,Kamal Chaturvedi,Science,8,26.812109328389816,80.98869493103363
S897,Shanaya Rajbhar,Science,9,23.829192253404177,86.41867804463774
S898,Sumit Shukla,English,6,25.782431465574298,87.42738145362142
S899,Shaurya Saini,English,11,26.498611354816816,80.28271109053858
S900,Neel Jain,History,7,23.35037469785238,85.33957367074967
S901,Khushi Upadhyay,Chemistry,11,25.38039164658975,86.16940804732442
S902,Samaira Dubey,Chemistry,8,25.26862863713958,87.01535459756776
S903,Anil Kumar,History,6,26.798968499558548,80.91249088630192
S904,Anshul Chaudhary,Chemistry,11,25.37046350269346,86.1507190888759
S905,Ananya Verma,Computer Science,7,23.66320233591753,86.18114711946225
S906,Sara Maurya,Physics,7,26.15730007681638,85.88404286476842
S907,Gauri Rana,History,10,25.589197110800217,85.11010022810251
S908,Rajeev Srivastava,History,11,26.713529577867273,83.33614212883934
S909,Rajeev Baghel,Science,8,26.810397584721063,80.92243178609259
S910,Vineet Paliwal,Biology,8,28.982679629369084,77.75625059264581
S911,Vikas Garg,Math,10,25.308738487838948,82.97837416455617
S912,Umesh Jha,English,9,24.821471822655933,84.9865425338978
S913,Arjun Thakur,English,11,23.705081357436548,86.1095724478974
S914,Meera Dubey,Economics,6,26.08018352104968,85.4127814021069
S915,Anil Baghel,Economics,9,23.953899022720517,85.37465055542941
S916,Akash Tripathi,Math,6,24.231241118990926,86.30601617551508
S917,Vikram Lal,Computer Science,7,26.13647342517856,85.34018662724102
S918,Akash Jha,Economics,10,28.580564992701383,77.37818323752946
S919,Gauri Seth,English,8,28.346404726468975,79.46944371530357
S920,Akash Verma,Computer Science,6,26.80025883885644,83.41219051300617
S921,Vishal Chauhan,Physics,9,25.287960111785477,86.96808160842295
S922,Nikhil Chaubey,Physics,9,25.808957365361948,87.51336318546856
S923,Rakesh Shukla,Economics,8,25.784615377729608,87.45961134261684
S924,Rakesh Mishra,Biology,10,25.582651747752305,87.54635933077776
S925,Vanya Upadhyay,Math,6,23.694682790225457,86.10226020714134
S926,Tanvi Negi,Biology,8,23.801142671729625,86.38724873010732
S927,Saanvi Sinha,English,12,26.180517913817624,85.91048469268708
S928,Sneha Pal,Biology,9,25.59381293264358,84.67102501029092
S929,Riya Chaudhary,Chemistry,9,26.752066547198837,83.37330622422604
S930,Divya Rawat,Science,10,24.146748414450926,86.34380295660982
S931,Tanvi Sinha,Economics,12,23.620827040451676,86.161574310398
S932,Divya Upadhyay,Physics,12,27.199180741627174,78.02434267519838
S933,Vanya Rastogi,English,9,23.706305540820733,86.12237414229368
S934,Bhavna Mudgal,Economics,10,25.31140947927883,82.95334599088672
S935,Praveen Rohatgi,Math,9,23.79812228331977,86.43560271490367
S936,Isha Maurya,English,6,25.27874115414437,82.92450357285688
S937,Anupam Tripathi,Math,8,23.965106587655143,85.31406643208007
S938,Nitin Upadhyay,Biology,9,26.138156876695934,85.8658585429836
S939,Vanya Prasad,Physics,11,25.220882479836796,86.97439598319741
S940,Gauri Paliwal,Chemistry,11,25.27019365918779,82.9492705007176
S941,Rajeev Rai,Chemistry,11,24.027063524042283,85.37502771051982
S942,Ananya Dwivedi,Math,12,23.681947792502953,85.54262649802274
S943,Amol Pundir,Science,11,24.51546005633226,86.72838844404865
S944,Shivansh Jain,Chemistry,10,28.49085127560886,77.41429695809997
S945,Sai Sharma,Biology,9,23.773872965182047,85.99819037687699
S946,Alok Sharma,Math,6,23.328479669521464,85.3328407648945
S947,Sushil Trivedi,Science,10,25.214230336157712,86.9809023300833
S948,Shivansh Srivastava,Chemistry,8,25.39791600656057,81.82451199947428
S949,Priya Pant,Computer Science,7,26.10604746227705,85.8461330254079
S950,Samaira Joshi,Science,7,28.886090001368125,78.79111497855934
S951,Vineet Srivastava,English,11,28.404215090687156,79.43408556682907
S952,Abhinav Rathore,Science,6,26.10835588223337,85.8737134855861
S953,Reyansh Bisht,Economics,11,22.756407975844013,86.19966686728202
S954,Ishaan Khandelwal,History,8,25.399427074770387,86.1271969212259
S955,Pari Kaushik,Chemistry,8,29.000017688802103,77.69991615216287
S956,Mayank Paliwal,Math,8,24.7638102532296,85.00611793208519
S957,Prashant Jain,Chemistry,7,25.420789233607774,86.13060549366286
S958,Rakesh Singh,History,11,27.89043659733498,78.09634812819452
S959,Kamal Joshi,Math,9,25.579237300444632,85.12057062578039
S960,Nandini Bansal,History,12,25.307617692251554,82.97322896653219
S961,Pari Singh,Chemistry,9,24.232747567208342,86.2864832864611
S962,Krishna Mudgal,Economics,6,26.825914018302004,80.93962623416557
S963,Dhruv Goel,Math,6,28.38751402148914,79.44605124251451
S964,Rajesh Rastogi,Math,6,27.174878177175707,78.02632669754783
S965,Shivansh Vashistha,History,11,28.33570663415641,79.47679677463418
S966,Sunil Pundir,Computer Science,12,26.193927354632603,85.92822798316278
S967,Rahul Mishra,Physics,7,24.164425565724937,86.35808625532451
S968,Sara Srivastava,Computer Science,7,25.270891666331273,83.00160442650291
S969,Akash Jain,Biology,8,25.352182555097908,82.94570524202433
S970,Ishaan Awasthi,Physics,12,25.269015269599205,83.02185663745261
S971,Sai Rajbhar,English,11,29.033389049866464,77.6657546683727
S972,Vineet Bhardwaj,Economics,6,27.202825286124177,77.99520065094282
S973,Pooja Parashar,Science,11,28.330764122653154,79.38136965608143
S974,Isha Srivastava,Chemistry,11,28.705975792030436,77.40737660323366
S975,Vikas Chaubey,Math,11,26.183888689532267,85.8882539177305
S976,Meera Awasthi,Physics,9,26.84071667721542,80.96734050103595
S977,Richa Parashar,Science,8,27.146964045282026,78.00640359975141
S978,Sakshi Baghel,History,12,24.78804085631556,85.0177948720718
S979,Ishaan Parashar,Economics,6,23.669316363204132,86.20048078225695
S980,Sakshi Shukla,Science,11,23.384024708980785,85.35316999075177
S981,Vikram Prasad,Biology,7,28.58293488660945,77.40632721763296
S982,Rajeev Kumar,Economics,11,25.304187232875083,82.92968166156083
S983,Vikas Soni,Math,7,25.771592700332118,87.51028747215493
S984,Yogesh Prasad,Economics,9,24.529941937142024,86.7192272658605
S985,Tanvi Tiwari,Science,12,22.776779737162833,86.24213625442441
S986,Reyansh Chaturvedi,Economics,10,28.70053367684346,77.43976290287486
S987,Amit Vashistha,Computer Science,10,22.771920867700192,86.18641845834202
S988,Saurabh Tyagi,English,8,26.762603017806516,83.37052069236499
S989,Pooja Verma,Physics,6,26.72012701955224,83.40384567048504
S990,Nikhil Kushwaha,Economics,10,25.282130304358354,86.96764230200851
S991,Kamal Awasthi,Biology,11,25.389016729443174,81.80870913065375
S992,Atharva Sharma,Biology,8,25.46085632088621,86.12481196327651
S993,Nitin Singh,History,10,26.462639523205848,80.37225168888509
S994,Isha Tripathi,English,8,25.431478017173614,81.81954765699409
S995,Sumit Rajbhar,English,9,25.419203412175047,86.09216689456453
S996,Saurabh Mittal,Biology,7,23.680787530531585,85.48491206217125
S997,Vineet Kumar,Math,9,26.815810781162135,80.93553393589369
S998,Abhinav Kushwaha,History,7,26.757363354795963,83.37457179092063
S999,Shaurya Ojha,English,12,24.741696083166165,85.02026868246264
S1000,Diya Trivedi,Economics,9,28.64347930196621,77.463588873057
