tutor_id,tutor_name,subject,experience_years,rating,hourly_rate,location,location_lat,location_long
T001,Ekaja Dyal,Science,12,3.19,293,Noida,28.502147404518105,77.3931781411667
T002,Mohammed Jaggi,Science,4,4.96,847,Muzaffarpur,26.15131023602356,85.38034647470586
T003,Bhavna Lad,Science,7,3.61,721,Patna,25.590571421988955,85.18604776446779
T004,Leena Behl,Computer Science,15,3.27,504,Agra,27.18835422113145,77.98447328058195
T005,Zinal Raghavan,Economics,15,4.65,894,Bhagalpur,25.19916208122917,86.98271970706494
T006,Chatura Jain,Economics,9,3.73,926,Noida,28.547080106979475,77.37865404127461
T007,Wahab Wable,Computer Science,11,4.44,962,Gaya,24.763356306304612,84.97239568475275
T008,Zayan Sarin,Science,7,3.8,320,Prayagraj,25.431459854616584,81.82756589489459
T009,Shaurya Dhillon,Physics,7,4.24,384,Lucknow,26.8449639298066,80.92967165573864
T010,Gabriel Vaidya,Biology,1,4.09,452,Patna,25.64345465261135,85.17717894795099
T011,Krisha Bains,Math,14,3.59,736,Muzaffarpur,26.09772515180192,85.40326544183442
T012,Balveer Suri,English,4,4.81,490,Muzaffarpur,26.14238639242029,85.39009492723575
T013,Oeshi Upadhyay,Science,10,3.93,843,Lucknow,26.81391913313433,80.96234728333602
T014,Barkha Srinivasan,Math,9,3.55,318,Meerut,28.99818289818531,77.66007973084052
T015,Reyansh Anne,Science,11,4.51,742,Ghaziabad,28.696982541627698,77.40913857295105
T016,Tara Sahni,Biology,14,3.87,906,Agra,27.188741334797346,77.98420750096666
T017,Ikshita Gill,Computer Science,9,3.35,647,Lucknow,26.827834588569026,80.97993351019026
T018,Faris Bains,Computer Science,1,4.21,430,Lucknow,26.870188627082207,80.93328687454728
T019,Gagan Bajaj,Chemistry,11,3.58,983,Prayagraj,25.461966221535786,81.8013079064115
T020,Harish Rai,Computer Science,8,3.17,289,Prayagraj,25.45995884160904,81.8449106086276
T021,Darika Palan,Computer Science,15,3.61,586,Varanasi,25.27770645682785,82.98843596381458
T022,Pratyush Peri,Math,6,3.7,216,Kanpur,26.427313247713784,80.36660026532498
T023,Dipta Varkey,Computer Science,5,4.25,700,Bhagalpur,25.25620109011843,86.96196665107983
T024,Jeevika Zacharia,History,2,3.18,216,Kanpur,26.43638641081725,80.302612517382
T025,Jhalak Badal,English,4,3.97,951,Kanpur,26.408159897854254,80.29226317777118
T026,Noah Pall,English,6,3.25,448,Darbhanga,26.17462923418898,85.90385218454914
T027,Warinder Hayer,Math,5,4.33,764,Noida,28.5241315504536,77.42615162282488
T028,Falan Bandi,History,2,3.47,515,Lucknow,26.85861594609832,80.95396869418522
T029,Lakshit Halder,Chemistry,3,3.04,902,Patna,25.5853212044068,85.1411101273424
T030,Adya Dhaliwal,Science,9,4.97,813,Meerut,28.983920251041507,77.66331063666138
T031,Balveer Mittal,History,9,5.0,920,Kanpur,26.448832444171494,80.34444801349817
T032,Orinder Thakkar,Physics,3,4.79,590,Prayagraj,25.40447244925819,81.83728537015045
T033,Finn Prakash,Computer Science,14,3.36,380,Kanpur,26.42419566072441,80.30718001502393
T034,Isaiah Venkatesh,English,2,3.99,898,Muzaffarpur,26.076495488130067,85.32682919708643
T035,Rushil Baria,History,1,3.01,269,Meerut,28.99408761340168,77.66524666529786
T036,Bachittar Mammen,Economics,3,4.84,911,Ghaziabad,28.660270864023907,77.48070747629184
T037,Mitesh Biswas,Science,12,3.85,231,Darbhanga,26.11133218213233,85.90096047300776
T038,Advika Char,Math,14,4.01,759,Ghaziabad,28.660379686203783,77.41453860136858
T039,Devansh Samra,Math,9,3.64,913,Lucknow,26.81852737935299,80.92782420354415
T040,Noah Kapur,Biology,3,4.51,915,Darbhanga,26.17010963874548,85.94614269992412
T041,Nandini Viswanathan,Chemistry,9,4.6,992,Patna,25.57430209613113,85.11099025647977
T042,Hemangini Narang,English,3,3.97,318,Lucknow,26.88152389798131,80.93842985158189
T043,Guneet Sathe,Chemistry,10,4.4,854,Patna,25.563327152540545,85.18724728046145
T044,Harish Narula,Math,15,4.49,209,Lucknow,26.849900334533217,80.98690765363867
T045,Ekta Kulkarni,English,2,3.39,434,Muzaffarpur,26.163466510774978,85.35949902321872
T046,Kai Sastry,Computer Science,9,3.92,211,Darbhanga,26.178250043644105,85.91428136755819
T047,Nirja Choudhry,Biology,3,4.32,772,Darbhanga,26.17758346391693,85.88425972225502
T048,Mahika Tank,Physics,10,3.03,917,Prayagraj,25.418417862689022,81.8362178716351
T049,Vrinda Bhatt,Chemistry,3,3.91,897,Varanasi,25.303816507897498,82.99200409751741
T050,Yashvi Raman,Economics,14,3.79,349,Darbhanga,26.144499617618813,85.88596406554265
T051,Veda Tella,History,8,3.99,308,Ghaziabad,28.628542187602918,77.42942132701644
T052,Vasatika Bhat,English,3,3.65,618,Prayagraj,25.473044796287247,81.81617463598117
T053,Oliver Sheth,Physics,4,3.77,596,Noida,28.497843650311268,77.38647963906315
T054,Irya Chatterjee,Chemistry,9,4.68,964,Lucknow,26.80181024790406,80.91681075178528
T055,Lekha Modi,Science,12,4.05,639,Varanasi,25.30208541457768,82.9557509173688
T056,Chandani Dasgupta,Math,8,4.33,899,Muzaffarpur,26.099953657228102,85.39622899441994
T057,Gunbir Mitra,Biology,9,3.67,823,Lucknow,26.82676313531321,80.92794616204279
T058,Aashi Gola,Science,15,4.59,916,Meerut,29.021569184928406,77.73504280645334
T059,Ridhi Kota,Physics,1,4.36,324,Lucknow,26.83507607110568,80.93473117635068
T060,Tanvi Tripathi,Chemistry,6,3.51,676,Gaya,24.76185958618704,84.97928865484276
T061,Kevin Zacharia,Science,6,3.77,324,Prayagraj,25.45944201596993,81.87974389641947
T062,Advika Bir,Chemistry,14,3.77,466,Kanpur,26.426206218653466,80.31885006472146
T063,Keya Krishna,English,3,4.64,896,Noida,28.58006510304552,77.4206125742605
T064,Vasatika Chatterjee,Economics,5,4.4,577,Meerut,28.9941668558419,77.69522622687838
T065,Dalbir Sami,Computer Science,6,4.21,569,Kanpur,26.46885601569669,80.30140059670643
T066,Priya Pillay,History,10,4.78,296,Lucknow,26.800766862564224,80.9523825259816
T067,Rachana Murty,Science,2,4.2,217,Darbhanga,26.18132602768655,85.89487583098325
T068,Vasudha Purohit,Chemistry,6,4.17,724,Meerut,29.023426757975468,77.66154717158048
T069,Tanvi Pathak,Math,7,3.66,360,Bhagalpur,25.213249993558826,86.9714250429471
T070,Omya Barman,Chemistry,12,3.67,707,Ghaziabad,28.66125338728513,77.4651309700135
T071,Omkaar Bansal,Biology,2,4.43,995,Varanasi,25.26984933653667,82.94615386712488
T072,Sudiksha Sen,Physics,15,3.65,227,Kanpur,26.48276032163948,80.3273396529506
T073,Saksham Sharma,Biology,10,3.69,825,Kanpur,26.42928099223757,80.33503803321416
T074,Kai Solanki,Computer Science,13,4.28,399,Darbhanga,26.11373772635327,85.90186028738431
T075,Nihal Kunda,Biology,5,4.95,865,Prayagraj,25.39492923667967,81.82195973908449
T076,Logan Kara,Science,7,4.77,230,Kanpur,26.43822487663883,80.3142746104031
T077,Triya Tailor,History,14,4.99,287,Muzaffarpur,26.115888014852544,85.39006095381349
T078,Imaran Arora,Economics,2,3.06,578,Bhagalpur,25.245462101098877,86.96326387935501
T079,Avni Sodhi,History,15,4.01,485,Kanpur,26.472676054106604,80.29719339754901
T080,Daniel Sanghvi,Math,2,4.54,481,Muzaffarpur,26.07737939548147,85.33914698349074
T081,Chandresh Krishna,Math,9,3.32,645,Muzaffarpur,26.082766332598844,85.41341294210618
T082,Arya Jain,History,10,4.55,814,Agra,27.1690996457173,78.03926361617926
T083,Gopal Shah,Math,2,4.83,561,Ghaziabad,28.71609898836785,77.44589518678718
T084,Ojasvi Bala,Math,15,3.53,536,Lucknow,26.88895768703616,80.99307751264595
T085,Upkaar Mammen,Math,5,4.38,570,Noida,28.50182185447505,77.37035556714818
T086,Samuel Thaker,Computer Science,9,4.6,745,Darbhanga,26.1050111869656,85.92936185505435
T087,Bishakha Keer,Chemistry,15,3.39,660,Varanasi,25.33299518445409,82.9862275080323
T088,Tanveer Lal,History,8,4.05,560,Patna,25.61635376125534,85.13885718925964
T089,Siddharth Taneja,English,4,4.04,677,Meerut,28.982166180995087,77.678374533878
T090,Rohan Nagi,Physics,15,4.5,972,Agra,27.1860841247073,78.00483575294002
T091,Sanya Choudhury,History,15,4.84,925,Patna,25.56878488281423,85.09729680400064
T092,Patrick Grover,Physics,9,4.87,967,Darbhanga,26.188559293556967,85.9413074649185
T093,Janya Sundaram,English,13,4.56,603,Patna,25.590412008415257,85.1768880821612
T094,Manthan Balasubramanian,Biology,6,3.33,548,Lucknow,26.80088327168796,80.95396274945982
T095,Ronith Madan,Biology,10,4.26,952,Agra,27.1578125287946,77.98358845516942
T096,Ishita Sura,History,5,4.11,359,Meerut,28.955257208129535,77.68494683539299
T097,Ekalinga Sastry,Economics,3,4.49,784,Agra,27.1498215371884,77.96752845870778
T098,Liam Saxena,Math,5,3.41,981,Prayagraj,25.467194771326,81.84711787772477
T099,Indrajit Khurana,Math,2,3.21,979,Noida,28.56692573546393,77.42014801160006
T100,Devika Devi,Physics,5,3.64,519,Lucknow,26.840803857959727,80.93392331762522
T101,Jacob Sandhu,Economics,5,4.91,455,Darbhanga,26.162819711334475,85.85310091245454
T102,Lopa Narayan,Chemistry,15,3.22,878,Gaya,24.78703899601825,85.00101794673517
T103,Odika Yadav,Physics,9,3.56,429,Prayagraj,25.41176640474766,81.89046332942462
T104,Sachi Parekh,Computer Science,5,3.12,540,Ghaziabad,28.65177017504064,77.44587044238776
T105,Gaurav Chauhan,Economics,3,3.48,688,Meerut,28.959893195842223,77.71659744180633
T106,Vasana Murty,Physics,10,4.29,831,Lucknow,26.883540980523644,80.97384245119919
T107,Isha Choudhury,Biology,7,3.61,491,Patna,25.628622490368443,85.08858142422896
T108,Shaurya Date,Physics,4,4.06,248,Ghaziabad,28.67932070954472,77.47321615797291
T109,Lajita Madan,Science,11,3.72,489,Patna,25.555476170780203,85.16138082266146
T110,Chanakya Kade,English,14,4.91,261,Lucknow,26.85948183823781,80.93364612512119
T111,Eta Vyas,Science,1,3.57,796,Prayagraj,25.439227246142995,81.81035508246742
T112,Simon Taneja,Computer Science,13,4.89,795,Darbhanga,26.18045121497015,85.86823083875781
T113,Amrita Dalal,Economics,13,3.7,616,Agra,27.22261782335529,77.98856111400453
T114,Orinder Sagar,Computer Science,2,4.53,875,Patna,25.578135415417613,85.11382601672497
T115,Nitara Bora,Chemistry,14,3.52,980,Noida,28.485770371552288,77.40214125562375
T116,Ridhi Khare,Computer Science,3,4.17,624,Agra,27.13841546229304,78.015554915578
T117,Chatura Thaker,Chemistry,1,3.9,939,Kanpur,26.4707515754716,80.35090973643754
T118,Chatresh Sawhney,Science,13,3.13,204,Bhagalpur,25.199363639206936,87.00948828628793
T119,Farhan Dhar,Chemistry,6,3.3,461,Lucknow,26.876861104973518,80.91855977896712
T120,Wahab Ben,Physics,6,4.3,527,Prayagraj,25.406309456601974,81.82013341957477
T121,Devansh Viswanathan,Physics,4,4.01,373,Bhagalpur,25.24363002434549,86.97011138925588
T122,Zehaan Guha,History,7,3.61,889,Varanasi,25.34306029111754,82.99461346904022
T123,Mekhala Behl,Computer Science,2,4.56,429,Prayagraj,25.474443959329697,81.80987771338506
T124,Logan Sunder,English,2,3.73,681,Meerut,28.995840601605003,77.65988426581008
T125,Ekaraj Tripathi,English,15,3.28,447,Muzaffarpur,26.14718104390453,85.40834164335692
T126,Bakhshi Pant,Computer Science,11,4.09,673,Varanasi,25.28594563840488,83.00919710927266
T127,Qadim Borde,Computer Science,9,4.06,855,Bhagalpur,25.200772663028545,86.9441655204338
T128,Damini Bhagat,Physics,2,4.96,362,Lucknow,26.85185499632942,80.96325598515516
T129,Chaitaly Agrawal,Chemistry,4,3.87,990,Varanasi,25.304908003957213,82.93037364692698
T130,Devika Pandey,Chemistry,13,4.17,863,Bhagalpur,25.23347153983835,87.02767894039746
T131,Lakshit Chaudhary,History,1,3.46,580,Agra,27.207354337978245,78.02634782207674
T132,Quincy Gulati,Chemistry,8,4.41,697,Muzaffarpur,26.16523387321925,85.36418840025111
T133,Dhriti Kumar,Physics,9,4.43,562,Bhagalpur,25.243169350633625,86.95416476041493
T134,Hiral Dugal,Science,14,3.23,531,Muzaffarpur,26.113958545104147,85.3994784945835
T135,Krishna Shroff,Chemistry,10,3.41,213,Muzaffarpur,26.130047345676918,85.33248918085593
T136,Kavya Kulkarni,Math,1,4.77,244,Patna,25.606909347998297,85.1465498011054
T137,Anmol Suri,Math,14,3.03,408,Patna,25.552837478001567,85.11101487273193
T138,Kritika Dugal,History,4,4.95,705,Muzaffarpur,26.11936133353551,85.38890674202345
T139,Rehaan Khatri,Physics,7,4.32,332,Ghaziabad,28.701443103156475,77.49311260668024
T140,Vrinda Nadig,Chemistry,6,3.13,294,Lucknow,26.875514232642907,80.96940340379585
T141,Yoshita Hegde,Biology,4,4.36,361,Varanasi,25.27556077302416,83.01357985758064
T142,Yamini Kalla,Physics,11,4.31,936,Noida,28.56309498786064,77.42543155367595
T143,Aarini Bora,Physics,8,4.92,718,Prayagraj,25.47424330824091,81.80630630131819
T144,Ikbal Jain,Physics,4,3.01,651,Kanpur,26.41388644711685,80.29351859072338
T145,Balveer Tailor,English,7,4.79,409,Darbhanga,26.148400253926127,85.91062787410829
T146,Bakhshi Sarraf,Biology,14,4.94,426,Bhagalpur,25.253966114857565,87.03011026656937
T147,Upma Gandhi,Economics,11,4.22,964,Agra,27.21544572933041,78.01155585581697
T148,Tamanna Sengupta,English,2,3.23,997,Prayagraj,25.432365946243674,81.88094048058468
T149,Eesha Desai,History,9,3.05,607,Muzaffarpur,26.163167151060037,85.39653364336492
T150,Faras Sridhar,Science,6,3.23,902,Kanpur,26.48857464795332,80.36428909791991
T151,Warhi Panchal,Computer Science,13,4.12,564,Darbhanga,26.134018490226094,85.86486927609374
T152,Alka Sant,Math,7,3.95,579,Agra,27.17666467117225,77.97940620858887
T153,Vaishnavi Borra,Science,1,3.99,229,Noida,28.523837853649383,77.35661739733942
T154,Christopher Devan,Economics,6,3.33,840,Kanpur,26.462736272207135,80.31975162829657
T155,Aishani Devi,Science,10,4.58,774,Ghaziabad,28.634918301377983,77.4587540221923
T156,Zaitra Aggarwal,Math,11,4.53,284,Noida,28.523462787992823,77.38360079344692
T157,Nidhi Bhattacharyya,Math,4,3.17,764,Noida,28.494968899256357,77.35860691623742
T158,Saumya Baral,Science,7,4.86,611,Muzaffarpur,26.164055410171954,85.33724329143425
T159,Kamya Tara,Physics,2,3.5,769,Varanasi,25.29454617464664,82.96852277811618
T160,Mitali Venkataraman,Science,1,4.83,806,Darbhanga,26.15088485478103,85.8839637027446
T161,Ansh Batta,Biology,10,4.74,789,Ghaziabad,28.646545847763555,77.43497895876847
T162,Xiti Tailor,Biology,13,4.38,255,Lucknow,26.841520909490143,80.98640747554211
T163,Pushti Boase,Science,5,3.86,364,Darbhanga,26.107249454021684,85.90709616592734
T164,Advaith Lad,Math,2,3.53,547,Bhagalpur,25.232023253903577,86.93991223080593
T165,Luke Sagar,Science,14,3.57,660,Lucknow,26.81028544633884,80.8987254977167
T166,Kevin Handa,Math,7,3.23,799,Prayagraj,25.428683372931783,81.81701896488434
T167,Wazir Venkatesh,Biology,3,4.97,272,Agra,27.224166573914165,77.9830412857535
T168,Devika Ramachandran,Computer Science,11,3.99,990,Meerut,29.00106560576205,77.68556188176758
T169,Nirja Modi,Chemistry,1,4.4,496,Darbhanga,26.11884385287665,85.8808739605701
T170,Jeremiah Sunder,History,12,3.63,302,Patna,25.54562293842081,85.09717386149434
T171,Ishanvi Mann,Chemistry,6,4.2,546,Meerut,28.986463493686085,77.72829146758542
T172,Pranit Wason,Science,15,4.39,359,Darbhanga,26.19992560879179,85.92688940972843
T173,Yug Chana,Biology,8,4.81,872,Bhagalpur,25.242933378543498,86.94581010341129
T174,Falan Malhotra,Biology,10,4.46,950,Kanpur,26.472885245061047,80.34306676582369
T175,Mugdha Tank,Economics,10,4.39,305,Darbhanga,26.141016340733987,85.85019704146403
T176,Ekta Master,Physics,15,3.41,203,Darbhanga,26.13840321783531,85.87390714173465
T177,Kamala Krishna,Physics,15,4.95,655,Gaya,24.837280376636937,85.0006464306578
T178,Advaith Palan,Computer Science,8,4.49,705,Darbhanga,26.12501586102428,85.85919101254493
T179,Vamakshi Hora,History,11,4.52,487,Kanpur,26.451511418864925,80.31052169837933
T180,Vamakshi Radhakrishnan,Computer Science,7,3.11,942,Varanasi,25.3247233539922,83.01334186312506
T181,Aachal Talwar,Physics,3,3.71,709,Varanasi,25.323705768109686,83.00168783831974
T182,Manbir Basu,History,1,4.3,980,Agra,27.153066520532924,78.0018481718478
T183,Lucky Mutti,English,7,4.62,271,Prayagraj,25.45326376543344,81.80211063765448
T184,Pranit Wason,Biology,5,4.89,866,Bhagalpur,25.24507626692683,86.95144395027407
T185,Rushil Parmar,Economics,1,4.07,553,Prayagraj,25.4149768114235,81.85998416557493
T186,Tara Lal,Computer Science,9,3.98,466,Darbhanga,26.15244623564538,85.86748115681986
T187,Falak Khurana,English,10,4.41,274,Lucknow,26.869564531911333,80.98415346457232
T188,Chatresh Pau,Chemistry,9,4.4,553,Ghaziabad,28.69964748922945,77.41137336740339
T189,Rachit Kohli,Biology,8,3.85,665,Muzaffarpur,26.11741710766253,85.38885661930661
T190,Adya Bumb,Physics,14,3.65,343,Ghaziabad,28.71866668738041,77.45307783936933
T191,Isaac Devan,Computer Science,12,4.5,201,Lucknow,26.84584994950668,80.91518431972028
T192,Onkar Vyas,English,8,3.87,336,Meerut,29.0035387022454,77.75181341813631
T193,Vyanjana Cherian,Math,3,4.13,298,Patna,25.632974475804517,85.10522242715608
T194,Nitara Lanka,Biology,2,3.71,403,Kanpur,26.406858955728943,80.31791423169823
T195,Suhani Garg,Science,15,3.6,255,Muzaffarpur,26.12519993340053,85.3524670507801
T196,Charles Sekhon,History,8,3.15,786,Bhagalpur,25.279623779587087,86.96335115018478
T197,Zinal Madan,Computer Science,7,3.76,603,Darbhanga,26.167377603667184,85.94262481659437
T198,Krishna Magar,Economics,1,3.39,934,Agra,27.201617132928348,77.96645401119379
T199,Girik Walia,English,10,3.7,492,Kanpur,26.4732596788244,80.33741571464965
T200,Ekantika Krishnamurthy,Economics,15,4.72,381,Agra,27.158259723197,78.00394505229154
T201,Farhan Bains,Economics,7,4.97,384,Deoghar,24.50800780075434,86.6744144742481
T202,Ikbal Dhaliwal,Physics,6,3.93,909,Bareilly,28.333316551814285,79.42608203609748
T203,Yamini Bhatt,English,14,3.42,408,Prayagraj,25.480523048507838,81.88041246704334
T204,Girik Dhillon,Economics,10,3.38,392,Gaya,24.816253932580157,85.00604409754236
T205,Amrita Batta,Math,8,3.03,803,Gorakhpur,26.773376175844103,83.38349282446819
T206,Chatresh Anne,Biology,11,4.73,243,Lucknow,26.849483150016084,80.9852362020235
T207,Wazir Yadav,Computer Science,6,4.98,458,Darbhanga,26.173150494797813,85.88022622913921
T208,Irya Vyas,Physics,15,3.25,890,Ghaziabad,28.660578460002668,77.46640245914931
T209,Vyanjana Murty,Science,13,3.5,790,Gaya,24.76455995977313,85.00832736336906
T210,Avni Kohli,Math,2,3.95,466,Kanpur,26.49061947628132,80.34239097663212
T211,Chatresh Pall,Economics,9,3.39,678,Hazaribagh,24.015903519507454,85.34220987525975
T212,Aarini Kunda,History,1,4.17,502,Muzaffarpur,26.07980540464554,85.37428503607302
T213,Jhalak Sengupta,Chemistry,13,3.38,833,Hazaribagh,23.98481416999678,85.3578724363511
T214,Mahika Master,Math,3,4.61,663,Deoghar,24.514393921436834,86.74352793174262
T215,Reyansh Batta,English,14,4.93,687,Ghaziabad,28.643909149134924,77.4514958870504
T216,Ekantika Tara,Biology,5,4.34,328,Hazaribagh,23.961883428950742,85.33165362378058
T217,Zayan Malhotra,Computer Science,10,4.64,324,Bhagalpur,25.21369688108892,87.05867602960605
T218,Keya Shah,Science,7,3.38,602,Ranchi,23.32048508038113,85.3086965537549
T219,Mohammed Balasubramanian,Biology,8,3.77,293,Patna,25.565519616083236,85.0931628054479
T220,Arya Kumar,Economics,10,3.35,473,Deoghar,24.48034524414083,86.69911248460747
T221,Pranit Mitra,Science,3,4.51,607,Noida,28.576506315692654,77.3619999862618
T222,Chatura Dhillon,Chemistry,10,4.64,696,Bokaro,23.62049653838756,86.10522054867702
T223,Yoshita Sathe,Biology,15,4.54,480,Bareilly,28.394902961740478,79.43958351359896
T224,Ekaraj Jain,Biology,2,4.99,294,Dhanbad,23.82895607433288,86.46233055363734
T225,Yoshita Bansal,Computer Science,10,4.96,517,Dhanbad,23.844604762163723,86.46059954519637
T226,Bachittar Dhar,History,2,3.24,201,Varanasi,25.36131663081627,83.02057449336571
T227,Manbir Grover,Economics,12,4.33,947,Ranchi,23.319921406029994,85.34750673753274
T228,Finn Dalal,History,7,4.45,436,Hazaribagh,24.03032688740173,85.3567002283881
T229,Kamya Sridhar,History,10,4.44,978,Darbhanga,26.144432034769192,85.8437124943107
T230,Imaran Kulkarni,History,11,4.45,550,Hazaribagh,23.95468312201715,85.36499735579473
T231,Oeshi Sridhar,Economics,9,3.84,234,Darbhanga,26.107622512962738,85.92113451483495
T232,Jacob Madan,Chemistry,14,3.61,502,Agra,27.14988847585238,77.97098329533628
T233,Faris Lal,History,4,4.64,357,Bhagalpur,25.24194104883919,86.97570270530679
T234,Aarini Malhotra,Math,3,3.5,238,Dhanbad,23.761241717523404,86.46427205659033
T235,Jeremiah Dasgupta,English,9,3.06,976,Patna,25.555036501004732,85.14554376359779
T236,Kavya Khurana,Biology,1,3.92,925,Bhagalpur,25.247426802436358,86.97396816466906
T237,Chanakya Dyal,Science,15,3.61,721,Ranchi,23.305099265540843,85.3395936283774
T238,Harish Yadav,Math,13,3.69,873,Darbhanga,26.187939201186875,85.85182748590171
T239,Hiral Borde,Economics,12,4.7,904,Ghaziabad,28.628018075850246,77.40466608636554
T240,Hemangini Panchal,Math,7,3.65,454,Hazaribagh,23.96292381836995,85.33187998153517
T241,Mohammed Biswas,Physics,9,3.08,447,Deoghar,24.505447288642326,86.6752041820496
T242,Upkaar Sami,Math,9,4.6,763,Kanpur,26.415483665789104,80.2915807927554
T243,Ishanvi Malhotra,English,6,4.62,733,Noida,28.535805235596623,77.40224342758586
T244,Irya Purohit,Physics,9,3.36,723,Bareilly,28.414340098173152,79.45341297245726
T245,Keya Aggarwal,English,8,4.58,453,Purnia,25.742032644041053,87.4813557407178
T246,Mohammed Lal,Physics,13,4.71,828,Ghaziabad,28.684029423849665,77.47407355841872
T247,Ekaja Krishna,Math,11,3.67,882,Dhanbad,23.81846618920866,86.41461150507482
T248,Kavya Raman,Biology,3,4.6,462,Varanasi,25.32676431305138,82.96583159545364
T249,Falak Keer,English,3,3.25,318,Agra,27.214133532163114,77.96044573635228
T250,Vasudha Gola,English,6,4.06,641,Ghaziabad,28.665896855064574,77.50097768228014
T251,Yashvi Bhagat,Computer Science,6,4.53,433,Bareilly,28.338436012670172,79.44806242100236
T252,Kai Pau,Economics,15,3.42,782,Bokaro,23.686897526569215,86.16372373584768
T253,Dalbir Tripathi,History,12,3.27,693,Patna,25.57567394249519,85.08771297379649
T254,Reyansh Keer,Biology,7,4.17,925,Ranchi,23.369340132305922,85.35819887426679
T255,Dipta Lanka,Economics,9,4.83,770,Hazaribagh,23.985004490415168,85.33126829783193
T256,Dipta Sant,Math,3,3.7,379,Dhanbad,23.84295981320564,86.42967296217557
T257,Daniel Venkataraman,Math,7,4.67,477,Ghaziabad,28.639078967871566,77.42233261157048
T258,Darika Bhagat,English,15,3.67,522,Purnia,25.768108177366468,87.5054918442221
T259,Oeshi Venkatesh,Science,15,3.67,213,Purnia,25.734541244587437,87.49574307908378
T260,Samuel Magar,Biology,3,4.77,357,Varanasi,25.34684022296095,82.95275046535129
T261,Ansh Tailor,English,11,3.82,293,Lucknow,26.85892484074963,80.96979212160426
T262,Bhavna Talwar,Physics,5,4.72,511,Meerut,29.02065829573226,77.71118913633126
T263,Mohammed Thaker,History,15,4.05,611,Gaya,24.829014237533467,85.01649834497145
T264,Pranit Sharma,Physics,2,3.34,776,Bareilly,28.402890738426244,79.43496501560965
T265,Ridhi Sandhu,Science,14,4.03,327,Kanpur,26.414514464076028,80.36939024209468
T266,Nandini Sura,English,1,4.28,368,Jamshedpur,22.84591728571808,86.20663671268612
T267,Patrick Sandhu,Chemistry,1,4.96,527,Deoghar,24.45155127976348,86.73370849339226
T268,Triya Pau,English,4,3.82,759,Lucknow,26.855541645263077,80.91959004869409
T269,Yug Thakkar,Biology,14,4.39,778,Prayagraj,25.423758596797594,81.85171868498861
T270,Ansh Bansal,History,13,4.94,663,Agra,27.186184444816753,77.96192945794155
T271,Ikbal Sant,English,11,3.87,496,Patna,25.598675042150617,85.12441543903113
T272,Wazir Gola,History,14,4.83,667,Noida,28.541493796906327,77.377689395015
T273,Upkaar Taneja,Computer Science,10,4.03,284,Muzaffarpur,26.090749586763913,85.32924616189752
T274,Faras Dugal,History,12,3.96,886,Ranchi,23.331595198801534,85.3262946934351
T275,Barkha Parmar,Math,14,3.37,858,Patna,25.589000809347915,85.14155329661068
T276,Saksham Radhakrishnan,Biology,4,3.59,878,Darbhanga,26.109903979955316,85.88739766172118
T277,Lopa Anne,Physics,15,4.67,305,Gaya,24.774148276178828,85.03048648084999
T278,Leena Sengupta,English,14,4.06,747,Patna,25.57504362074647,85.15259316511258
T279,Tara Kade,Science,14,4.92,304,Agra,27.20592641203175,77.96373040491808
T280,Chandani Choudhury,Math,13,3.62,339,Lucknow,26.837554047574542,80.94475607017195
T281,Leena Cherian,History,4,4.6,878,Gorakhpur,26.714753032493114,83.41497158601662
T282,Omya Tank,English,4,4.61,838,Ranchi,23.370104586501988,85.33852535757535
T283,Nitara Chana,Physics,13,3.79,681,Darbhanga,26.17261704079285,85.85287512391514
T284,Vyanjana Halder,English,10,3.67,472,Lucknow,26.808350314067653,80.9505895268638
T285,Dalbir Gola,Computer Science,8,4.41,558,Muzaffarpur,26.135766111269643,85.36410859248097
T286,Samuel Chana,English,11,4.42,322,Hazaribagh,23.949647443885183,85.35194251842586
T287,Anmol Chaudhary,History,5,3.16,268,Hazaribagh,24.028558770601435,85.366972564494
T288,Ansh Grover,Math,12,4.53,645,Meerut,29.006452787300013,77.74323589028297
T289,Krishna Sodhi,English,1,4.26,551,Patna,25.600507486446293,85.1204956882419
T290,Odika Nadig,English,3,3.99,956,Lucknow,26.83896638753511,80.90857051868461
T291,Zehaan Bala,Chemistry,13,4.49,389,Jamshedpur,22.761453521937757,86.22478203292474
T292,Adya Parmar,English,8,4.24,368,Patna,25.589254323764127,85.14198745467122
T293,Yoshita Srinivasan,Computer Science,15,4.61,318,Patna,25.58911121802393,85.12722021391512
T294,Rushil Kalla,Economics,3,3.51,414,Varanasi,25.29780617540964,83.0128628979583
T295,Mekhala Kalla,Computer Science,2,4.06,716,Gaya,24.797605031529354,85.03490756596136
T296,Ekaraj Char,Math,2,3.96,286,Meerut,28.951510892048294,77.66122270372308
T297,Simon Chana,Economics,6,3.71,672,Muzaffarpur,26.136217512659815,85.3313523708283
T298,Yashvi Narula,Biology,12,4.79,958,Bareilly,28.386474114834595,79.43267918273885
T299,Ridhi Talwar,Physics,3,3.12,297,Jamshedpur,22.85180024547829,86.20802591031581
T300,Aarini Rai,Science,1,3.29,770,Muzaffarpur,26.078092514530013,85.34878966070683
T301,Finn Vyas,English,5,3.11,433,Darbhanga,26.123950740234577,85.9227207436066
T302,Kai Vyas,Biology,5,4.39,551,Prayagraj,25.47125126017803,81.80050667381353
T303,Qadim Chauhan,Math,10,3.49,755,Gorakhpur,26.8092932944472,83.40268273948354
T304,Advaith Yadav,Computer Science,8,3.98,230,Hazaribagh,23.972899824726937,85.406555118468
T305,Gagan Samra,Economics,4,3.93,471,Jamshedpur,22.828012889166246,86.22115087467819
T306,Oliver Narula,Computer Science,6,3.99,561,Purnia,25.77993563300016,87.50180833422573
T307,Gunbir Tank,Economics,9,3.55,475,Meerut,28.945548529384794,77.68548921067384
T308,Isha Devan,Chemistry,14,3.05,452,Meerut,28.93968012106684,77.739487529303
T309,Vrinda Basu,English,2,4.79,569,Bhagalpur,25.243091570961752,86.98785217508176
T310,Faras Narang,Computer Science,7,3.69,445,Ranchi,23.3664219443174,85.3200865923491
T311,Omya Kalla,English,14,4.49,513,Agra,27.200243074764867,77.97028939066527
T312,Adya Talwar,Science,5,4.94,790,Muzaffarpur,26.120249393093818,85.35003805635351
T313,Alka Dhar,Chemistry,3,3.7,970,Meerut,28.947354656148352,77.74147429957506
T314,Pratyush Jaggi,Economics,10,3.93,920,Noida,28.508944409307972,77.36768188993288
T315,Bhavna Mittal,Computer Science,8,3.24,434,Noida,28.55436967776502,77.40290400002657
T316,Kevin Kota,Economics,6,3.41,827,Lucknow,26.874960810695733,80.96717208434976
T317,Gunbir Sekhon,Science,11,4.89,869,Kanpur,26.445306027687536,80.36802975270875
T318,Avni Pillay,English,10,4.47,592,Prayagraj,25.424216033469207,81.80255202214605
T319,Upma Gill,Chemistry,4,4.74,237,Muzaffarpur,26.14572345698064,85.35129399184734
T320,Logan Rai,English,14,4.13,896,Ranchi,23.321132544122978,85.29904866173078
T321,Dhriti Prakash,Biology,2,3.23,747,Hazaribagh,24.021418349994207,85.32150795860723
T322,Arya Char,Economics,3,3.53,539,Meerut,28.961798340434314,77.69181123871073
T323,Balveer Suri,Chemistry,2,3.83,387,Agra,27.190213922522318,77.98727048602655
T324,Odika Parmar,Science,13,4.84,425,Deoghar,24.44405247995678,86.69605617869611
T325,Rachit Bora,Physics,6,3.11,521,Purnia,25.803498709550784,87.49488546110747
T326,Gaurav Borra,Economics,12,4.91,628,Meerut,28.984032661054872,77.70371896873739
T327,Daniel Prakash,Science,2,4.44,304,Agra,27.176159655890388,78.00449319931272
T328,Arya Bhagat,Physics,13,4.25,605,Purnia,25.786562951697817,87.43493570431333
T329,Vaishnavi Purohit,Math,1,5.0,267,Varanasi,25.32628694668611,82.92474034223369
T330,Yoshita Bora,Computer Science,2,3.96,825,Lucknow,26.82908058257921,80.91998538512945
T331,Nitara Dhillon,Math,10,4.73,842,Purnia,25.754393995792395,87.52160090296067
T332,Yamini Barman,Science,15,4.42,322,Jamshedpur,22.850333593258657,86.20664178387678
T333,Upkaar Devi,English,8,4.74,630,Jamshedpur,22.85039122592059,86.16615725250078
T334,Vaishnavi Panchal,English,6,4.07,993,Darbhanga,26.152094096389156,85.88058869475309
T335,Kai Chauhan,History,1,3.67,763,Ghaziabad,28.665264097231205,77.4777710619352
T336,Balveer Pant,Chemistry,5,3.31,899,Noida,28.525407465078164,77.34599231186324
T337,Vasatika Sastry,English,1,3.77,894,Meerut,28.940861210388377,77.73767923363881
T338,Patrick Peri,Physics,11,4.06,560,Meerut,28.97186513382125,77.73338795681038
T339,Orinder Cherian,Chemistry,12,3.11,230,Jamshedpur,22.83848256101087,86.2268892665239
T340,Manbir Malhotra,Biology,1,4.03,205,Bhagalpur,25.194508596100132,87.04059242070325
T341,Devika Kunda,History,15,3.49,931,Agra,27.210897641337247,78.02176764492185
T342,Harish Sami,Chemistry,3,3.26,564,Dhanbad,23.839246572864,86.4338083152863
T343,Bachittar Sura,Physics,2,4.29,625,Muzaffarpur,26.15626322306675,85.37666158060765
T344,Chandani Anne,Math,2,3.49,798,Muzaffarpur,26.129771197809085,85.36098199055189
T345,Chandani Aggarwal,Computer Science,15,3.49,889,Bareilly,28.351866501658805,79.44227569963948
T346,Ekantika Bumb,Math,14,4.71,968,Deoghar,24.51267256657559,86.71335506387447
T347,Kamya Basu,History,9,4.53,711,Agra,27.16816657225292,78.05030228399951
T348,Aishani Mammen,Computer Science,2,3.32,275,Bhagalpur,25.203978762084404,87.04333878441089
T349,Kevin Bhat,Chemistry,10,3.31,782,Dhanbad,23.74699868774073,86.44074203331498
T350,Irya Khare,Economics,3,3.67,842,Kanpur,26.47110759224658,80.35628083238382
T351,Ekalinga Tella,Math,11,3.54,336,Ranchi,23.32308105271467,85.32323103102141
T352,Barkha Raghavan,English,6,4.91,278,Prayagraj,25.421879195746797,81.83447630588496
T353,Aachal Zacharia,Economics,2,3.93,894,Ranchi,23.35632588750128,85.29706403698079
T354,Charles Bhattacharyya,Biology,9,4.27,952,Ranchi,23.30316207452747,85.32644392735092
T355,Priya Sharma,History,1,4.72,865,Hazaribagh,24.038675212374145,85.4069352466468
T356,Lakshit Talwar,Science,3,3.69,367,Noida,28.55490784524488,77.40612067549816
T357,Barkha Upadhyay,English,15,3.7,548,Prayagraj,25.395430577474396,81.86170582884644
T358,Dhriti Aggarwal,Biology,10,4.5,496,Lucknow,26.84030257939457,80.97189594018666
T359,Gunbir Walia,History,3,4.6,349,Ranchi,23.29855702478355,85.33189548160786
T360,Mahika Mittal,Science,3,3.2,718,Ranchi,23.329769246628015,85.33019657844326
T361,Warinder Choudhury,History,15,3.17,480,Meerut,28.94404798127286,77.74646586421517
T362,Orinder Lad,Physics,8,3.7,418,Purnia,25.79628000617069,87.50082468688103
T363,Hemangini Pandey,Biology,9,3.73,969,Varanasi,25.295861050361392,82.94070628254808
T364,Ikshita Radhakrishnan,Math,2,3.07,427,Bhagalpur,25.235630798156944,87.04540130538838
T365,Isaac Pant,Economics,15,4.61,667,Jamshedpur,22.77833611407479,86.15402331026674
T366,Jacob Pathak,Economics,15,3.34,472,Dhanbad,23.771134963802023,86.4260379710098
T367,Zaitra Dhillon,Science,6,4.88,566,Muzaffarpur,26.07978760441785,85.40120844331612
T368,Mahika Sastry,Biology,11,3.54,363,Varanasi,25.27101943479495,83.00962431876268
T369,Saumya Boase,Economics,11,4.4,639,Bareilly,28.399997208045242,79.38366125388512
T370,Alka Garg,English,8,3.42,594,Noida,28.518462261826475,77.42703376898785
T371,Kai Kapur,History,5,4.61,289,Agra,27.19700054030428,77.96304939577017
T372,Zayan Khurana,Science,10,4.95,399,Gorakhpur,26.785356475980425,83.40334537193851
T373,Priya Handa,History,8,4.73,299,Patna,25.623814513961772,85.13058301384787
T374,Dipta Lal,Physics,9,3.06,436,Gorakhpur,26.79898076286116,83.3621417032021
T375,Rachana Biswas,Science,15,3.92,625,Noida,28.50821349029778,77.4373382987872
T376,Daniel Sastry,Math,9,4.89,327,Purnia,25.73583451256303,87.50372828660791
T377,Kai Sahni,Physics,13,4.83,998,Dhanbad,23.774693992313264,86.47937842044409
T378,Orinder Mutti,History,14,3.02,679,Bokaro,23.685946739905358,86.19557789943828
T379,Ronith Kota,Computer Science,1,3.41,497,Purnia,25.74980274268313,87.51004452627504
T380,Triya Magar,Economics,12,3.17,722,Noida,28.51594218247322,77.37006477807172
T381,Amrita Lanka,Computer Science,4,3.96,588,Bokaro,23.676704728557283,86.15242835297703
T382,Vasudha Borde,Physics,12,3.59,523,Agra,27.194890973450576,77.98269350177351
T383,Ishita Jain,English,6,4.41,641,Gaya,24.75860203284548,85.03528236116534
T384,Omya Char,Science,13,3.26,758,Noida,28.53336474394995,77.36737825994706
T385,Christopher Bansal,Economics,7,3.46,714,Agra,27.154106384669717,78.00934532620882
T386,Kamala Peri,Physics,7,3.83,552,Agra,27.180597665036046,78.03212827581699
T387,Dipta Lanka,English,13,4.74,939,Bokaro,23.691203309874098,86.13417609451602
T388,Priya Dasgupta,Biology,3,4.36,999,Bhagalpur,25.24393862347657,86.97508896968685
T389,Kritika Bir,Biology,10,4.69,240,Agra,27.199934418819588,78.04154572728712
T390,Barkha Kulkarni,Biology,10,4.5,573,Dhanbad,23.838289366905503,86.47215447023487
T391,Kamya Tella,Computer Science,13,4.94,661,Darbhanga,26.15667430211632,85.9095933899602
T392,Simon Pant,Science,11,3.36,673,Ranchi,23.296357124878455,85.29651630569883
T393,Ekantika Balasubramanian,Chemistry,5,3.69,980,Gorakhpur,26.73735624077086,83.34048649633723
T394,Ekta Bandi,Physics,5,4.19,768,Bhagalpur,25.247742934204005,87.01718747065699
T395,Veda Baral,Science,2,4.25,720,Varanasi,25.286870107233725,82.96927529629816
T396,Chandresh Venkatesh,Chemistry,14,3.06,504,Agra,27.217507812765778,77.98533105270153
T397,Indrajit Panchal,Physics,2,4.02,816,Ranchi,23.362671192316554,85.33703549610676
T398,Pranit Borde,Physics,10,3.83,865,Agra,27.224876821762454,78.00138168953791
T399,Omya Upadhyay,Physics,2,4.72,516,Prayagraj,25.44100029372848,81.85725202322723
T400,Shaurya Viswanathan,Chemistry,9,4.02,846,Dhanbad,23.781935179297218,86.46299311530466
T401,Bakhshi Narula,Computer Science,11,4.81,938,Purnia,25.729743949441946,87.45972551469376
T402,Jeremiah Basu,Math,9,3.98,379,Gaya,24.78957479288974,84.96630863514578
T403,Rachana Hayer,History,4,3.62,905,Gorakhpur,26.79785231435907,83.42140371768897
T404,Aashi Anne,Economics,2,4.87,909,Meerut,29.034208781342105,77.67301108813076
T405,Warinder Pall,History,8,3.29,558,Hazaribagh,23.948642643840756,85.38189731719889
T406,Tanveer Bora,Math,4,4.97,580,Noida,28.491342012899207,77.43007287652722
T407,Yoshita Walia,Economics,14,3.62,906,Noida,28.524344592400478,77.38029021441436
T408,Ekalinga Kara,Math,13,3.7,458,Noida,28.577464232362324,77.43560845506477
T409,Ekalinga Magar,History,11,3.73,968,Gaya,24.81582844147401,85.04061387597847
T410,Pranit Bhat,Economics,9,4.77,853,Noida,28.56626135671191,77.40925406824134
T411,Krishna Modi,Physics,5,4.14,642,Lucknow,26.844375468673825,80.93023361729696
T412,Mohammed Sheth,Economics,7,3.98,954,Varanasi,25.351430723696232,83.01941422527065
T413,Vyanjana Biswas,Biology,12,3.86,696,Agra,27.132339298222682,77.97049508928126
T414,Ronith Devi,Computer Science,13,4.78,932,Bhagalpur,25.23971979908864,86.99339009772665
T415,Oeshi Kulkarni,Computer Science,11,4.68,530,Gorakhpur,26.80999395308214,83.42051964380617
T416,Tanveer Lad,Math,5,3.2,888,Kanpur,26.445420075144032,80.35469318717603
T417,Jeevika Balasubramanian,English,6,4.95,895,Bhagalpur,25.287121951373123,87.01746283142253
T418,Wazir Boase,History,12,4.54,779,Bokaro,23.64284591808974,86.10228728019965
T419,Imaran Tank,Physics,5,3.74,826,Hazaribagh,24.01597920717644,85.3478614207802
T420,Veda Barman,Computer Science,8,3.93,661,Gorakhpur,26.761018515154312,83.355172472467
T421,Ishita Kunda,Computer Science,12,4.35,969,Gorakhpur,26.720356517294103,83.37092859875762
T422,Krisha Sridhar,History,2,4.92,982,Noida,28.49724645426314,77.43688696841109
T423,Warinder Baral,Economics,13,4.22,749,Bareilly,28.379989414455302,79.43307898760081
T424,Ekalinga Balasubramanian,Biology,2,4.65,298,Prayagraj,25.40286072715137,81.85095314959658
T425,Nitara Nagi,Chemistry,1,3.24,411,Muzaffarpur,26.12042780438813,85.4094067502665
T426,Lekha Char,Chemistry,4,4.21,738,Darbhanga,26.124493390643696,85.93415338972585
T427,Wazir Pall,Chemistry,5,3.09,854,Dhanbad,23.759538737690377,86.41625241205502
T428,Oeshi Mitra,English,4,3.66,287,Varanasi,25.27494285509402,82.9257413732376
T429,Ekaja Bala,Math,8,3.17,350,Purnia,25.775420517874533,87.43936958365857
T430,Eesha Pant,Math,12,3.5,907,Bokaro,23.662437382729507,86.14541918454633
T431,Jhalak Bandi,Computer Science,5,4.28,555,Agra,27.150893383790365,78.01360311184794
T432,Dipta Lad,History,14,3.69,499,Varanasi,25.276060002974425,83.00971209911232
T433,Faris Bansal,History,1,4.86,477,Patna,25.59065099842738,85.14047411904593
T434,Vrinda Balasubramanian,Chemistry,14,4.03,965,Ghaziabad,28.683174970709594,77.4554829800853
T435,Alka Mitra,Math,7,4.44,860,Gaya,24.817505876647235,84.95224111931478
T436,Mugdha Mittal,Science,3,3.05,507,Hazaribagh,23.943314052938,85.35825989669192
T437,Amrita Solanki,Biology,4,4.44,877,Gorakhpur,26.792370240543626,83.33620921533321
T438,Shaurya Bansal,Physics,14,3.47,627,Noida,28.534163364071844,77.36018014538568
T439,Gunbir Bandi,Math,4,4.06,438,Darbhanga,26.200395560301455,85.85931138677721
T440,Ekta Pillay,Math,8,3.12,569,Noida,28.505235132519758,77.42118193293858
T441,Charles Dhar,Chemistry,6,4.94,515,Meerut,29.009270675396323,77.75479382706297
T442,Aarini Sekhon,History,1,3.17,975,Purnia,25.811215462122348,87.45012607445581
T443,Omya Shroff,Computer Science,14,4.6,805,Dhanbad,23.78426261718541,86.4646554993707
T444,Oliver Sharma,Science,12,3.62,905,Patna,25.54711316798613,85.10007080440676
T445,Manbir Pau,Physics,15,3.58,784,Noida,28.546126121281326,77.38639310249665
T446,Guneet Panchal,History,15,4.18,322,Kanpur,26.411604874108505,80.29589480435286
T447,Faras Suri,Computer Science,9,4.6,454,Meerut,28.977667003755197,77.66006170893841
T448,Christopher Narang,English,2,3.55,886,Ghaziabad,28.704593162794204,77.45319735866654
T449,Avni Bora,History,10,3.23,702,Ghaziabad,28.634941325606135,77.46995114487875
T450,Devansh Venkataraman,Chemistry,12,4.1,365,Muzaffarpur,26.144946610117735,85.37470298564911
T451,Kevin Khurana,Science,13,3.07,517,Bhagalpur,25.28453164041594,87.0413248619095
T452,Samuel Palan,Chemistry,14,3.89,758,Lucknow,26.842919535226667,80.9915027617815
T453,Zinal Narula,Biology,15,4.21,677,Patna,25.62325443241641,85.14588470973966
T454,Harish Sahni,Computer Science,7,3.76,571,Jamshedpur,22.84934949452859,86.21214954845291
T455,Isha Sathe,Physics,13,4.21,595,Jamshedpur,22.765958799981743,86.2496183884096
T456,Simon Bajaj,Math,13,3.96,894,Gorakhpur,26.77533556028328,83.3823800665235
T457,Chandani Sunder,Math,6,4.37,856,Muzaffarpur,26.111168371685963,85.33225354529546
T458,Dhriti Nagi,History,2,4.4,332,Agra,27.139518554544782,78.02333214028157
T459,Kritika Dyal,Biology,8,3.55,485,Kanpur,26.493522016804487,80.33816786308437
T460,Chatura Bumb,Economics,3,4.73,843,Noida,28.523418359193894,77.38222666665287
T461,Mitali Sandhu,Economics,14,3.66,606,Deoghar,24.48559479492504,86.71946408262467
T462,Faras Peri,Math,1,3.74,824,Varanasi,25.359079791183394,83.00786018139667
T463,Warhi Narayan,English,6,3.01,487,Ranchi,23.321172319586736,85.31429930200488
T464,Ojasvi Sathe,Physics,4,4.26,404,Bareilly,28.320868199854836,79.47824570107845
T465,Triya Kunda,Chemistry,8,3.98,625,Varanasi,25.35286404018826,82.93908116130928
T466,Mahika Wable,Physics,11,4.73,822,Kanpur,26.446252584601613,80.36522125577447
T467,Bishakha Date,Computer Science,6,4.99,336,Dhanbad,23.75989501095035,86.40047569589484
T468,Priya Sharma,English,13,3.1,808,Dhanbad,23.760594276564884,86.47528759722705
T469,Chatura Purohit,Science,2,4.84,376,Bokaro,23.673042185367777,86.16705671974081
T470,Aachal Tailor,Economics,4,4.45,516,Kanpur,26.47990859326467,80.35805430285244
T471,Tanvi Malhotra,Biology,11,3.85,453,Meerut,28.94435719132041,77.71332284350859
T472,Alka Anne,Chemistry,10,3.84,931,Prayagraj,25.44917423635434,81.7967521362447
T473,Chandani Behl,Math,7,3.38,222,Deoghar,24.503668369881268,86.65513348058617
T474,Jeremiah Narula,English,14,3.09,597,Agra,27.139749143762977,78.04734367128991
T475,Pranit Tella,Economics,3,3.93,228,Ghaziabad,28.63351886747765,77.41256507117905
T476,Alka Kunda,Math,2,3.3,939,Agra,27.207230974502117,77.96172200581162
T477,Rohan Sundaram,English,15,4.87,211,Gaya,24.807249018381253,85.037249469303
T478,Omkaar Gandhi,Math,9,4.41,240,Gorakhpur,26.78390407163569,83.3709694485154
T479,Krisha Sridhar,History,15,3.01,765,Bhagalpur,25.280370874051,87.0259479179003
T480,Tamanna Venkatesh,Computer Science,7,4.93,378,Noida,28.522545650542327,77.40653188852255
T481,Eta Malhotra,Computer Science,5,4.01,921,Varanasi,25.363149848459567,82.96053145212656
T482,Zinal Barman,History,13,4.94,986,Bokaro,23.68823845521406,86.17130622672806
T483,Dipta Pillay,Math,5,4.74,790,Dhanbad,23.842179125929665,86.38627224435132
T484,Amrita Mann,Economics,5,3.02,732,Muzaffarpur,26.157521259513732,85.4004584628421
T485,Aarini Basu,Science,9,4.74,717,Lucknow,26.866854698885,80.98508294525243
T486,Advaith Ramachandran,Biology,5,3.87,424,Noida,28.546982043001265,77.36074773241357
T487,Bachittar Kalla,Computer Science,6,4.18,708,Dhanbad,23.768928476770643,86.45980995682827
T488,Gopal Mitra,Science,1,3.1,920,Gaya,24.823283718300516,84.99380489062483
T489,Guneet Borde,Economics,6,3.99,352,Gorakhpur,26.747581778743324,83.3555219957232
T490,Warhi Chatterjee,Economics,5,4.16,853,Ranchi,23.329737218601046,85.2735992326548
T491,Rehaan Bhagat,Computer Science,14,4.39,447,Darbhanga,26.122999293929272,85.86540531423657
T492,Anmol Kalla,Science,7,4.04,690,Gaya,24.81507278989643,84.99919506482783
T493,Patrick Chaudhary,Math,6,3.1,501,Purnia,25.733706263522095,87.48308088040214
T494,Ikbal Radhakrishnan,Chemistry,4,4.68,202,Varanasi,25.26868460489939,82.96447322814275
T495,Upma Narula,Economics,10,4.03,667,Jamshedpur,22.818623727529044,86.19073081854567
T496,Gunbir Khurana,Physics,14,3.47,550,Gaya,24.800348935119647,85.03996583120862
T497,Manbir Guha,Science,12,4.4,229,Gaya,24.800222520951976,84.95836755698292
T498,Gaurav Sathe,Economics,4,4.78,460,Ghaziabad,28.670639356951217,77.4706242458512
T499,Priya Master,English,9,4.66,642,Agra,27.18440615254522,78.05137325206071
T500,Yug Hegde,Computer Science,5,3.32,780,Agra,27.137021443058007,77.96602713488362
